area,is_house,has_pool,age,price,lat,lon,rooms,north
-1.1742552525871375,1,0,1.6077968336290815,546.0,1.0294821041009987,-1.0306382337054578,-0.750833633112614,1
0.24511115605523812,0,0,-0.2618594466646571,759.0,1.0303788198213681,-1.0255076828880005,0.28842043526664074,1
-1.0761564943224378,0,0,-0.6773386200632657,464.0,1.0292378378391311,-1.033398391384412,-0.750833633112614,1
1.0698066060551914,1,1,1.192317660230473,251.0,-0.9691302140057713,0.9646446484906047,1.3276745036458955,0
1.1034752908713616,0,0,-0.4695990333639614,963.0,1.0306305820298565,-1.0274884197357836,1.3276745036458955,1
-0.711351737025585,0,0,0.15361972673395147,530.0,1.0298193261433328,-1.0300672917609968,-0.750833633112614,1
0.4758478369746056,1,0,-0.2618594466646571,218.0,-0.9699397780833081,0.9736401447286465,0.28842043526664074,0
-1.1740376326936883,1,0,-0.6773386200632657,108.0,-0.9678413547431195,0.9701368765936417,-0.750833633112614,0
-1.2723540108518376,1,0,0.15361972673395147,517.0,1.029444326001096,-1.0302335724365579,-0.750833633112614,1
1.0038111872684596,1,0,0.3613593134332558,226.0,-0.9671440803069742,0.970073289318406,1.3276745036458955,0
1.2677928624153867,1,0,0.56909890013256,256.0,-0.9699362746890472,0.9681876898731511,1.3276745036458955,0
0.1458707430409468,1,0,0.3613593134332558,176.0,-0.9685349394937433,0.973920703594173,0.28842043526664074,0
0.21186616182767853,1,1,0.9845780735311687,207.0,-0.9695024681535112,0.961110399131308,0.28842043526664074,0
-1.7020009829875424,0,0,-1.5082969668604829,109.0,-0.9690843618823956,0.9696885980119965,-1.7900877014918688,0
0.14701239779053854,0,0,0.56909890013256,712.0,1.0293142260277641,-1.0268847278240911,0.28842043526664074,1
0.1128730336475809,0,0,0.9845780735311687,182.0,-0.9691545589534185,0.9674193106977761,0.28842043526664074,0
3.4456416823775347,0,0,-1.7160365535597872,396.0,-0.9702106266761292,0.9666275512768293,2.36692857202515,0
-0.21779235950631415,0,0,-1.0928177934618744,671.0,1.0295052893825147,-1.0286172615416704,-0.750833633112614,1
-0.7780651199732979,1,0,1.6077968336290815,134.0,-0.9684771556278122,0.9689840368672645,-0.750833633112614,0
0.7080146716167909,0,0,0.15361972673395147,854.0,1.0309674810684815,-1.033537924357316,1.3276745036458955,1
1.0368088966618254,1,0,0.3613593134332558,236.0,-0.9713992683758156,0.9711373445307641,1.3276745036458955,0
-0.5800788636131026,0,1,0.7768384868318644,155.0,-0.9694717810946573,0.9699533220522505,-0.750833633112614,0
2.2592012866773574,0,0,0.15361972673395147,1992.0,1.030387121295401,-1.0304037622297006,2.36692857202515,1
1.201797443628655,1,0,1.815536420328386,232.0,-0.9698141189257214,0.9659009349701125,1.3276745036458955,0
-0.25010176967944375,1,0,0.9845780735311687,165.0,-0.9698266300643051,0.9728478399197665,-0.750833633112614,0
3.41186169628758,0,0,-0.88507820676257,1483.0,1.0314385232319063,-1.0343999685894532,2.36692857202515,1
-0.1511086414993461,1,0,0.56909890013256,163.0,-0.9683108193023068,0.9706139724701085,-0.750833633112614,0
0.2778615806144103,0,1,-1.9237761402590916,249.0,-0.9694437226480799,0.9710158249038396,0.28842043526664074,0
0.14701239779053854,0,0,-8.335655071619298e-17,730.0,1.0296947333897202,-1.0244836352456943,0.28842043526664074,1
1.498935910125933,1,0,-0.6773386200632657,1328.0,1.0294444751479346,-1.033116444299349,1.3276745036458955,1
2.6536966569367535,1,0,0.3613593134332558,314.0,-0.9676602183178589,0.9687372280276578,2.36692857202515,0
-1.0087135980154567,0,0,-0.6773386200632657,561.0,1.0303804647078376,-1.0308235063386293,-8.305740878040387e-17,1
0.7728272215148985,0,0,0.15361972673395147,193.0,-0.9707275908457053,0.969680741639565,1.3276745036458955,0
-0.8431719434437758,0,0,0.3613593134332558,511.0,1.0296138537480783,-1.0326578845319963,-0.750833633112614,1
-0.11662801504584248,0,0,0.15361972673395147,820.0,1.0303260815416522,-1.0301867669139388,-0.750833633112614,1
-1.1740376326936883,1,1,1.4000572469297774,124.0,-0.9677164757417237,0.9644245608375224,-8.305740878040387e-17,0
-0.8125160814860571,0,0,-0.054119859965352825,652.0,1.0304208276958406,-1.0302038100850168,-0.750833633112614,1
-0.8110628293666636,1,1,1.4000572469297774,154.0,-0.9694585949143643,0.9678499170696886,-0.750833633112614,0
0.4106528106269191,1,0,-0.2618594466646571,1006.0,1.0312815867118312,-1.0315328126228853,0.28842043526664074,1
-1.3397969071588185,0,1,0.56909890013256,454.0,1.0303070682267677,-1.027766422529217,-0.750833633112614,1
-0.41398987603571374,0,0,-1.3005573801611787,678.0,1.0304957508984094,-1.0297395650674275,-0.750833633112614,1
-0.5140834448263708,1,0,1.815536420328386,132.0,-0.9695337368853966,0.9633901626716458,-0.750833633112614,0
0.1128730336475809,1,0,1.6077968336290815,162.0,-0.9693658917705346,0.9764025554465147,0.28842043526664074,0
0.4106528106269191,0,0,-1.3005573801611787,806.0,1.0306601628202086,-1.0362370085468415,0.28842043526664074,1
-0.28309947907280963,1,0,-0.6773386200632657,167.0,-0.9684676382389916,0.9740261647235658,-8.305740878040387e-17,0
-1.1740376326936883,1,0,-0.6773386200632657,123.0,-0.9697074581394249,0.9637328699845881,-0.750833633112614,0
-0.6776302888720948,0,1,-1.0928177934618744,627.0,1.0308322042530749,-1.0264114615532642,-0.750833633112614,1
-1.1740376326936883,1,0,-0.4695990333639614,122.0,-0.9707416113400028,0.9749485425526082,-0.750833633112614,0
-1.4710170172339812,0,0,-1.0928177934618744,97.0,-0.9698478384659187,0.970806066026453,-0.750833633112614,0
-0.15034946319933318,0,1,-8.335655071619298e-17,754.0,1.0292427938316795,-1.0307111945105556,-0.750833633112614,1
-0.3160971884661755,1,0,-0.6773386200632657,168.0,-0.9678419046789389,0.9709434755401373,-8.305740878040387e-17,0
-0.44808802603963904,1,1,0.3613593134332558,162.0,-0.9682142915991766,0.9667031459887385,-0.750833633112614,0
0.11329094963704783,0,0,-0.054119859965352825,726.0,1.0309951353069702,-1.0322797952756708,0.28842043526664074,1
0.6742932234633001,0,0,-8.335655071619298e-17,880.0,1.0301429286154165,-1.032855396226472,1.3276745036458955,1
-0.2821696696175235,0,0,-0.2618594466646571,725.0,1.0304725920180748,-1.0302908562101747,-0.750833633112614,1
0.4106528106269191,0,0,-0.054119859965352825,793.0,1.030976341877648,-1.029833851705713,0.28842043526664074,1
-0.08597215308812386,1,0,0.9845780735311687,833.0,1.029338022296691,-1.0346974246184102,0.28842043526664074,1
-0.6469744269143761,0,0,0.3613593134332558,561.0,1.0302181948052211,-1.0319823463854225,-0.750833633112614,1
-0.3496125659245044,0,0,0.3613593134332558,625.0,1.0302512394565064,-1.0318676506706255,-8.305740878040387e-17,1
0.8058249309082643,0,0,0.9845780735311687,199.0,-0.9690470072822226,0.9659974729541903,1.3276745036458955,0
0.1128730336475809,0,1,-0.2618594466646571,195.0,-0.9693252103407523,0.9665062254527231,0.28842043526664074,0
-0.11811093210598024,0,0,-1.5082969668604829,179.0,-0.9696617662136725,0.9734692207226219,-0.750833633112614,0
-0.184106350892712,1,0,2.02327600702769,153.0,-0.967599366424933,0.9685785282683502,-0.750833633112614,0
-1.80099411116764,1,0,-0.2618594466646571,74.0,-0.9688246876379658,0.972233584555886,-1.7900877014918688,0
0.046877614860849154,1,0,0.7768384868318644,183.0,-0.9679807932705368,0.9673928837959612,0.28842043526664074,0
-0.5140834448263708,1,0,1.192317660230473,136.0,-0.9710347641672165,0.9700632559711073,-0.750833633112614,0
0.013879905467483274,0,0,-1.0928177934618744,196.0,-0.9694597468074518,0.970288665285558,0.28842043526664074,0
-0.019117803925882606,1,0,0.15361972673395147,177.0,-0.9676227408123981,0.9722806659493675,0.28842043526664074,0
-0.41509031664627316,1,0,1.192317660230473,183.0,-0.9694219953830132,0.968769144640475,-0.750833633112614,0
-0.3160971884661755,1,0,-0.054119859965352825,152.0,-0.9674339228388121,0.9645755121842837,-0.750833633112614,0
-0.11662801504584248,1,0,-0.2618594466646571,843.0,1.0302909998176106,-1.0359524929036705,-0.750833633112614,1
-0.08597215308812386,0,0,-8.335655071619298e-17,668.0,1.0308892627288964,-1.0312783288699199,0.28842043526664074,1
0.8061134298814904,0,0,0.7768384868318644,895.0,1.0303975898922144,-1.032003699083084,1.3276745036458955,1
0.8718203496949961,1,0,-0.4695990333639614,222.0,-0.968316659646108,0.9771033560748199,1.3276745036458955,0
-0.9430536669401272,1,0,1.6077968336290815,117.0,-0.9680130366314869,0.9681985019425133,-0.750833633112614,0
-1.2723540108518376,0,0,-1.5082969668604829,435.0,1.0306653190948063,-1.0249949470097774,-0.750833633112614,1
-0.5151542204961854,0,0,-8.335655071619298e-17,587.0,1.0310192602695167,-1.0322884937488377,-8.305740878040387e-17,1
-1.0087135980154567,0,1,-0.2618594466646571,535.0,1.0308641211094656,-1.0291947600677458,-0.750833633112614,1
-0.11662801504584248,0,0,-1.0928177934618744,697.0,1.0294707325135533,-1.0324479845415657,-0.750833633112614,1
-0.2821696696175235,0,0,-1.3005573801611787,657.0,1.030735137711702,-1.0261491542361436,-0.750833633112614,1
1.9618394256874856,0,0,0.56909890013256,1127.0,1.0300629990585473,-1.0323360202375178,1.3276745036458955,1
-1.0750445045135908,1,0,-0.6773386200632657,295.0,-0.9691940062570605,0.9691294735565761,-0.750833633112614,0
-0.052115513319248484,1,0,-0.6773386200632657,184.0,-0.9710921357488604,0.9676480728697913,-8.305740878040387e-17,0
-0.3496125659245044,0,0,-0.88507820676257,627.0,1.0291930863595002,-1.033713675436358,-0.750833633112614,1
0.5418432557613373,1,0,0.7768384868318644,204.0,-0.9704167689539175,0.9692163479139464,0.28842043526664074,0
0.2788326042087288,1,0,-0.6773386200632657,978.0,1.0313855030366437,-1.0293947457874384,0.28842043526664074,1
0.5424730170451099,0,0,-0.4695990333639614,834.0,1.0299504536902282,-1.0319867304858872,0.28842043526664074,1
-0.018529256781142443,0,0,-1.3005573801611787,714.0,1.0297799676239552,-1.0320716538035222,0.28842043526664074,1
-0.9430536669401272,1,0,-0.4695990333639614,132.0,-0.9697485755596995,0.9764175032872499,-0.750833633112614,0
-1.799634836524599,1,1,-8.335655071619298e-17,400.0,1.0311731329617497,-1.0314642110496137,-1.7900877014918688,1
-1.5697158718417088,0,0,0.56909890013256,341.0,1.0303749726872047,-1.0244452229467003,-8.305740878040387e-17,1
-0.8110628293666636,1,0,-0.4695990333639614,142.0,-0.9706916523996577,0.9774166195459562,-0.750833633112614,0
-0.6776302888720948,0,0,-0.6773386200632657,557.0,1.031123014108681,-1.0298040466778968,-0.750833633112614,1
0.6405717753098095,0,0,0.9845780735311687,826.0,1.0308508429009784,-1.0308266067589884,0.28842043526664074,1
0.24486387122104442,0,0,-0.6773386200632657,193.0,-0.9695433015959095,0.9700877718257137,-8.305740878040387e-17,0
-0.5151542204961854,0,0,-8.335655071619298e-17,678.0,1.0303087639406885,-1.0308299219383197,-0.750833633112614,1
1.00231094641089,0,0,-1.9237761402590916,1029.0,1.0302658973231318,-1.0335536848190292,1.3276745036458955,1
0.37685470879450794,0,0,0.9845780735311687,170.0,-0.968947661200959,0.9712844487436535,0.28842043526664074,0
-0.05225070493463316,0,0,0.56909890013256,714.0,1.0301561325076867,-1.0308426574695775,0.28842043526664074,1
2.52170581936329,0,1,-1.9237761402590916,467.0,-0.9693004143015761,0.9699104033308654,2.36692857202515,0
1.167852600982571,1,0,1.192317660230473,1196.0,1.0302069975147103,-1.033267994319896,1.3276745036458955,1
0.21186616182767853,1,1,1.192317660230473,208.0,-0.9690024550955523,0.9652486715900367,0.28842043526664074,0
-0.6469744269143761,0,0,0.7768384868318644,545.0,1.030739690169965,-1.0250868406634228,-0.750833633112614,1
-0.6776302888720948,0,0,0.3613593134332558,548.0,1.0297850062427834,-1.0299756413583212,-0.750833633112614,1
0.5418432557613373,1,0,-0.88507820676257,218.0,-0.9697353411142433,0.9724310440518193,0.28842043526664074,0
-0.3820926072529073,1,0,0.56909890013256,149.0,-0.970339200747803,0.9748724585722534,-0.750833633112614,0
-0.21779235950631415,0,0,-1.9237761402590916,708.0,1.0304110661374652,-1.0359409030214461,-0.750833633112614,1
-0.545810082453904,1,1,-0.6773386200632657,816.0,1.0303375789923916,-1.0339788835839971,-0.750833633112614,1
1.465779118775582,0,0,-0.6773386200632657,255.0,-0.9691744706100683,0.9665136687574338,1.3276745036458955,0
0.3108592900077762,0,0,-0.054119859965352825,182.0,-0.969081946239151,0.9661944908333704,0.28842043526664074,0
-1.0420467951202248,0,0,-0.054119859965352825,121.0,-0.9689650225116999,0.9673959338318364,-0.750833633112614,0
0.8058249309082643,1,0,-8.335655071619298e-17,229.0,-0.9686464691566078,0.9698811046895376,1.3276745036458955,0
-0.08597215308812386,0,1,-1.5082969668604829,875.0,1.0303980872730403,-1.0310240598950875,0.28842043526664074,1
0.3108592900077762,0,0,-1.7160365535597872,200.0,-0.9710111184392296,0.976357680884452,0.28842043526664074,0
-0.8125160814860571,0,0,-8.335655071619298e-17,521.0,1.0297824128108757,-1.0329254253457247,-8.305740878040387e-17,1
-1.2386325626983468,0,0,0.3613593134332558,420.0,1.0311886683008362,-1.030936404325271,-0.750833633112614,1
0.24511115605523812,0,0,-1.3005573801611787,811.0,1.0303397342955056,-1.032017960362601,-8.305740878040387e-17,1
0.6078386745480691,1,0,1.4000572469297774,196.0,-0.9687466065643507,0.9646467059089605,0.28842043526664074,0
0.2788326042087288,0,0,-0.6773386200632657,797.0,1.030584440532779,-1.0314765633552916,0.28842043526664074,1
0.1128730336475809,1,0,1.4000572469297774,277.0,-0.9692992059359409,0.9686637805227404,0.28842043526664074,0
-0.184106350892712,1,1,0.7768384868318644,186.0,-0.9706687546657309,0.9615062689059273,-0.750833633112614,0
-1.799634836524599,0,0,0.15361972673395147,307.0,1.0305547526040928,-1.0312141441158231,-1.7900877014918688,1
-0.052115513319248484,1,0,1.4000572469297774,167.0,-0.9700227237898106,0.9711241712982173,-8.305740878040387e-17,0
0.046877614860849154,0,1,-8.335655071619298e-17,282.0,-0.9690684248839104,0.9693782867419776,0.28842043526664074,0
1.4987768281689478,1,0,-0.4695990333639614,267.0,-0.9673423497441225,0.9723656762762694,1.3276745036458955,0
1.7627585033158748,0,0,-1.5082969668604829,263.0,-0.9705055793799616,0.9624038303635062,1.3276745036458955,0
-0.3160971884661755,1,0,0.56909890013256,164.0,-0.9690828686601128,0.9727415302207283,-0.750833633112614,0
-1.1742552525871375,0,0,-0.4695990333639614,435.0,1.0301887153612033,-1.0277503155915824,-0.750833633112614,1
0.24511115605523812,0,0,-1.5082969668604829,785.0,1.029479445187746,-1.026385426206633,-8.305740878040387e-17,1
-1.799634836524599,0,0,-0.88507820676257,314.0,1.0299854050463664,-1.0304680031431703,-1.7900877014918688,1
-0.3160971884661755,1,1,0.15361972673395147,176.0,-0.9691139323336144,0.9750022148029674,-0.750833633112614,0
0.14701239779053854,1,0,1.815536420328386,891.0,1.0309759735011994,-1.025985283840368,0.28842043526664074,1
-0.41509031664627316,1,0,0.56909890013256,159.0,-0.9679910598238753,0.9700091897273836,-0.750833633112614,0
0.07956950148355713,0,0,-1.3005573801611787,734.0,1.0308955623521745,-1.034591626962004,0.28842043526664074,1
-0.6776302888720948,0,0,-8.335655071619298e-17,559.0,1.0296025302942249,-1.0261727189772372,-0.750833633112614,1
-1.0087135980154567,0,0,-1.5082969668604829,493.0,1.0307918047587583,-1.0280015024679867,-0.750833633112614,1
-1.2386325626983468,0,0,0.9845780735311687,423.0,1.0302390031898465,-1.0322717761821711,-8.305740878040387e-17,1
-1.0087135980154567,0,0,0.15361972673395147,516.0,1.0302796359180066,-1.0299207361392517,-0.750833633112614,1
-0.21710406028607787,1,0,-8.335655071619298e-17,155.0,-0.9678529462865832,0.9779827491156518,-0.750833633112614,0
-1.0420467951202248,1,1,-0.88507820676257,142.0,-0.9711084245967396,0.9690069412189466,-0.750833633112614,0
1.532657358279424,1,0,-8.335655071619298e-17,1282.0,1.0304227893816609,-1.0358407800718197,1.3276745036458955,1
-0.711351737025585,0,0,-0.6773386200632657,540.0,1.0302564604347317,-1.0262650809222922,-0.750833633112614,1
-0.974992149861966,1,0,1.6077968336290815,599.0,1.029150991541835,-1.0286123599938648,-8.305740878040387e-17,1
0.3108592900077762,1,0,0.3613593134332558,186.0,-0.9680914244554717,0.965134413968705,0.28842043526664074,0
-0.9100559575467613,1,1,-8.335655071619298e-17,173.0,-0.9694289196249675,0.9691976897344182,-0.750833633112614,0
-1.6371587681486899,1,0,0.9845780735311687,404.0,1.0314913511899284,-1.0337806175908235,-1.7900877014918688,1
0.9378157684817279,1,0,-8.335655071619298e-17,203.0,-0.9697688488709577,0.9777038483094133,1.3276745036458955,0
-1.1742552525871375,0,0,-0.4695990333639614,443.0,1.0317202025758971,-1.0325367777306576,-0.750833633112614,1
1.4314930138189526,0,0,0.7768384868318644,989.0,1.029576026033054,-1.026062574256925,1.3276745036458955,1
0.4106528106269191,0,0,-1.9237761402590916,890.0,1.030433468108067,-1.0325598205226834,0.28842043526664074,1
1.4008371518612335,0,0,-1.5082969668604829,1116.0,1.0305851553040162,-1.030615784040569,1.3276745036458955,1
0.9378157684817279,1,0,0.15361972673395147,243.0,-0.9695706909018268,0.9724522612822771,1.3276745036458955,0
0.7068318027281667,1,0,-0.4695990333639614,218.0,-0.9689265047571409,0.9776823504301891,1.3276745036458955,0
-0.9106148397507567,0,0,-0.4695990333639614,581.0,1.0303976903080085,-1.0307934001677568,-0.750833633112614,1
-0.052115513319248484,1,0,1.4000572469297774,170.0,-0.9675302313789138,0.9645855181293406,-8.305740878040387e-17,0
-0.7120697011865661,0,0,0.56909890013256,138.0,-0.9693414029379133,0.9702168420024951,-0.750833633112614,0
0.046877614860849154,1,0,-8.335655071619298e-17,167.0,-0.9671573949711284,0.9741499974619101,-8.305740878040387e-17,0
-0.8440605387600295,1,0,1.6077968336290815,122.0,-0.9699318455033286,0.9632105595123172,-0.750833633112614,0
0.1128730336475809,0,0,0.3613593134332558,163.0,-0.9695574674802813,0.9705999929065696,0.28842043526664074,0
0.2778615806144103,0,0,-8.335655071619298e-17,219.0,-0.9693440320042592,0.9700821578645321,-8.305740878040387e-17,0
1.3337882812021185,1,0,-8.335655071619298e-17,239.0,-0.9700377731124545,0.9645022850107766,1.3276745036458955,0
-0.6790719917932002,1,0,1.6077968336290815,124.0,-0.9669699967413287,0.9665420577670985,-0.750833633112614,0
0.4443742587804098,0,0,-8.335655071619298e-17,877.0,1.0306599952758575,-1.0305147056672777,0.28842043526664074,1
1.2996728074007617,0,0,-1.7160365535597872,1060.0,1.0296673290493272,-1.0307613066549122,-8.305740878040387e-17,1
-0.21779235950631415,1,0,-0.4695990333639614,847.0,1.0307539021281644,-1.0299033185799418,-0.750833633112614,1
-0.41398987603571374,0,0,0.3613593134332558,608.0,1.0298062912628172,-1.0292120379581875,-0.750833633112614,1
3.513026040748052,0,0,-0.6773386200632657,1584.0,1.030542937643882,-1.029714667101706,2.36692857202515,1
-0.9106148397507567,0,0,0.56909890013256,476.0,1.0313307041013258,-1.0332230339683133,-0.750833633112614,1
-0.5470811542197367,1,0,0.9845780735311687,144.0,-0.9704150024378551,0.9662540162236062,-0.750833633112614,0
0.37685470879450794,0,0,-0.88507820676257,189.0,-0.9692874890385351,0.9730986579322778,0.28842043526664074,0
-0.6460742823998343,1,0,1.4000572469297774,125.0,-0.9674858584261691,0.9644191942168174,-0.750833633112614,0
-0.08597215308812386,0,0,-0.054119859965352825,681.0,1.0302239369234558,-1.0337548371829237,0.28842043526664074,1
-1.799634836524599,0,0,-0.88507820676257,301.0,1.0305527873582805,-1.0251454526296737,-1.7900877014918688,1
-0.25010176967944375,0,1,-0.88507820676257,180.0,-0.9696604510358865,0.9720400516633249,-0.750833633112614,0
0.4428501275812397,1,0,1.4000572469297774,201.0,-0.9700191232817246,0.9713873891230931,0.28842043526664074,0
-1.471617113577009,0,0,-0.2618594466646571,375.0,1.031120013097259,-1.0298827463339022,-0.750833633112614,1
-0.6790719917932002,0,0,0.9845780735311687,114.0,-0.9707735507802261,0.9653658877663455,-0.750833633112614,0
-1.5359944236882184,1,1,-0.4695990333639614,499.0,1.0293596046491305,-1.029142274328344,-1.7900877014918688,1
-1.799634836524599,0,0,0.15361972673395147,308.0,1.0301095687755362,-1.0300236843800394,-1.7900877014918688,1
1.168799734235289,1,0,1.4000572469297774,224.0,-0.9676122508953447,0.9615334491475097,1.3276745036458955,0
0.21138970790174788,0,0,-1.7160365535597872,805.0,1.0299070042460658,-1.0331439801696913,0.28842043526664074,1
0.34320991431993814,0,0,0.15361972673395147,1232.0,1.030377523515831,-1.0302780369148352,0.28842043526664074,1
-0.4810857354330049,1,0,0.9845780735311687,140.0,-0.9681934000289504,0.9652175095635218,-0.750833633112614,0
0.5087515688916191,1,0,1.6077968336290815,1008.0,1.0298078993123412,-1.0244180007358084,0.28842043526664074,1
-1.7349986923809082,1,0,0.56909890013256,78.0,-0.9700640037861701,0.9715509362052144,-1.7900877014918688,0
1.3667859905954842,0,0,-8.335655071619298e-17,243.0,-0.9693596370904616,0.9670374448566246,1.3276745036458955,0
-0.545810082453904,0,0,-0.88507820676257,587.0,1.030037256273666,-1.026304704049255,-0.750833633112614,1
1.927747050282704,0,0,-1.7160365535597872,302.0,-0.9693346080285633,0.9651359150977409,1.3276745036458955,0
-0.6460742823998343,0,0,-0.4695990333639614,134.0,-0.9688582606175925,0.9714376377063378,-0.750833633112614,0
-0.3490948978595414,1,0,0.7768384868318644,150.0,-0.9673185749774825,0.9743360005622245,-0.750833633112614,0
1.3007905718087525,1,0,-0.6773386200632657,268.0,-0.9682573180889931,0.9625890506845372,1.3276745036458955,0
0.1458707430409468,1,0,-0.4695990333639614,218.0,-0.969415639202338,0.970140473880859,0.28842043526664074,0
0.11329094963704783,0,0,-8.335655071619298e-17,710.0,1.0310429071829368,-1.0331073594251436,0.28842043526664074,1
-0.9443362879042474,0,0,-1.9237761402590916,536.0,1.030894954284318,-1.0278661552466324,-0.750833633112614,1
0.3108592900077762,1,0,1.6077968336290815,539.0,-0.9691829542422772,0.9689551459922071,0.28842043526664074,0
-1.1410399233003226,1,0,-0.2618594466646571,120.0,-0.9696462337482914,0.9799168103412103,-0.750833633112614,0
-0.3490948978595414,0,0,-1.0928177934618744,179.0,-0.9693969010030449,0.9682246220211056,-0.750833633112614,0
-0.876893391597266,0,0,0.7768384868318644,821.0,1.0303663819172169,-1.0303603147267997,-0.750833633112614,1
-0.5800788636131026,1,0,0.9845780735311687,133.0,-0.967773699001073,0.9686731885117172,-0.750833633112614,0
2.421677355053266,1,0,1.6077968336290815,1537.0,1.0309059391624547,-1.025849567651812,2.36692857202515,1
0.046877614860849154,1,0,1.192317660230473,173.0,-0.9685470825299043,0.9657717803906165,0.28842043526664074,0
0.4106528106269191,0,1,0.56909890013256,894.0,1.0305854468832623,-1.0276688809286891,0.28842043526664074,1
-0.1511086414993461,1,0,-8.335655071619298e-17,156.0,-0.9714071961717796,0.969696786317934,-0.750833633112614,0
-1.0087135980154567,0,0,0.9845780735311687,470.0,1.0307999357453852,-1.0307713673064933,-0.750833633112614,1
0.4098524181878738,1,0,0.3613593134332558,195.0,-0.9697360926724184,0.9633388633071891,0.28842043526664074,0
0.34385699940114206,1,0,1.192317660230473,189.0,-0.9687987112223877,0.9780979161465866,0.28842043526664074,0
0.30948846616644743,0,0,0.15361972673395147,919.0,1.030309215395799,-1.0303395271988154,0.28842043526664074,1
0.2788326042087288,0,0,-1.7160365535597872,820.0,1.0306488027688028,-1.0281091845151809,0.28842043526664074,1
1.7288548748088233,0,0,-8.335655071619298e-17,1073.0,1.0312456727640893,-1.03361752540116,1.3276745036458955,1
0.14701239779053854,0,0,-1.3005573801611787,815.0,1.0304462905128018,-1.0310768989030314,0.28842043526664074,1
-1.4378956654235184,0,0,-0.6773386200632657,468.0,1.0304395414882674,-1.0303769983187625,-0.750833633112614,1
-0.3496125659245044,0,0,0.7768384868318644,611.0,1.0299439359169844,-1.0284792304835944,-0.750833633112614,1
0.9379336362996812,0,0,-8.335655071619298e-17,1108.0,1.030438174852537,-1.0303386092179398,1.3276745036458955,1
-1.3735183553123091,1,0,-0.2618594466646571,496.0,1.0293603210279296,-1.0311093400162028,-0.750833633112614,1
-0.21710406028607787,1,1,-0.2618594466646571,181.0,-0.969950865332518,0.9639990322479718,-0.750833633112614,0
-1.1068123562801566,0,0,-1.3005573801611787,495.0,1.0302418157271775,-1.029759780663153,-0.750833633112614,1
-0.48143277234269516,0,0,-0.88507820676257,620.0,1.0304322048067354,-1.029133103239916,-0.750833633112614,1
-1.6690032735941764,0,0,-0.054119859965352825,69.0,-0.9686867669286343,0.9655837930981465,-1.7900877014918688,0
-0.876893391597266,0,0,-1.5082969668604829,539.0,1.0310017942371705,-1.0302934469690745,-0.750833633112614,1
-0.05225070493463316,0,0,-0.4695990333639614,725.0,1.0304350651055618,-1.0291659273022558,0.28842043526664074,1
-0.21779235950631415,0,0,0.3613593134332558,632.0,1.0295369853031007,-1.0274724832989512,-0.750833633112614,1
-1.1080422139069566,1,0,1.815536420328386,109.0,-0.9697287381199048,0.9738908058732691,-0.750833633112614,0
-0.8770582481533954,1,0,-0.054119859965352825,191.0,-0.96930143735192,0.9686552222418345,-0.750833633112614,0
-0.5151542204961854,0,0,-8.335655071619298e-17,603.0,1.030172209600903,-1.0323028839605914,-0.750833633112614,1
0.6068503271563191,0,0,-0.6773386200632657,896.0,1.0301522315716005,-1.0304740480883985,0.28842043526664074,1
-0.9430536669401272,1,0,1.6077968336290815,120.0,-0.9681499158736411,0.9754385884936533,-8.305740878040387e-17,0
-0.052115513319248484,1,0,0.3613593134332558,163.0,-0.9684328875709316,0.9796746736802608,0.28842043526664074,0
0.21186616182767853,0,0,0.9845780735311687,203.0,-0.9691469989840137,0.9698293837873293,0.28842043526664074,0
-1.6360055642008107,1,0,-0.054119859965352825,79.0,-0.9688277401389798,0.9725762989465775,-1.7900877014918688,0
-0.7780651199732979,1,0,-8.335655071619298e-17,128.0,-0.9687735692185024,0.978670014518893,-0.750833633112614,0
0.2778615806144103,0,0,0.56909890013256,158.0,-0.9700016696334409,0.977839113018379,-8.305740878040387e-17,0
2.0599381839521853,0,0,0.7768384868318644,1194.0,1.0304895304922586,-1.029380016046643,2.36692857202515,1
-0.3490948978595414,0,0,0.15361972673395147,140.0,-0.9693123690383373,0.9665365487716633,-0.750833633112614,0
0.6408363839414349,0,0,-0.6773386200632657,199.0,-0.9685667760929562,0.9679722300218163,0.28842043526664074,0
0.1458707430409468,1,0,-0.054119859965352825,187.0,-0.9704569601555809,0.9631092568630375,0.28842043526664074,0
-0.48143277234269516,0,0,0.56909890013256,570.0,1.0316472993018284,-1.0276268550659196,-0.750833633112614,1
-0.8431719434437758,0,0,-1.7160365535597872,566.0,1.0304697410539663,-1.0290006570105203,-0.750833633112614,1
-0.9443362879042474,0,1,-0.054119859965352825,560.0,1.0298764336952826,-1.0276160854754461,-0.750833633112614,1
0.4098524181878738,1,0,-0.88507820676257,214.0,-0.9703378088804395,0.9621073005992138,0.28842043526664074,0
1.6307676657424113,1,1,0.3613593134332558,281.0,-0.9714098591560616,0.972508393381043,1.3276745036458955,0
-0.3490948978595414,0,0,-1.5082969668604829,177.0,-0.9690707663975618,0.9703076981394833,-8.305740878040387e-17,0
-0.545810082453904,0,0,-8.335655071619298e-17,588.0,1.0295979918312468,-1.0294241796132757,-0.750833633112614,1
0.17886845243431265,1,0,-8.335655071619298e-17,180.0,-0.970276191952085,0.9678958078372945,0.28842043526664074,0
-1.2079767007406281,1,0,1.192317660230473,529.0,1.02987649098499,-1.0274266676038053,-0.750833633112614,1
-0.18407091135282344,0,0,-1.0928177934618744,689.0,1.03067913640572,-1.0285728184477108,-0.750833633112614,1
0.5748409651547032,1,0,-0.054119859965352825,205.0,-0.9705245748912688,0.9770275337920737,0.28842043526664074,0
-0.018529256781142443,0,0,-0.2618594466646571,689.0,1.0305696751610771,-1.023604255182836,0.28842043526664074,1
-0.7780651199732979,1,0,0.9845780735311687,131.0,-0.9677405076153469,0.9673020625206913,-0.750833633112614,0
-1.1740376326936883,1,0,1.192317660230473,95.0,-0.9671426575649822,0.9663276948365209,-0.750833633112614,0
-0.25151380765980486,0,0,-0.88507820676257,659.0,1.0309031190763582,-1.0309104456238336,-0.750833633112614,1
-0.6130765730064685,1,0,-0.2618594466646571,147.0,-0.969944988337728,0.9727558753901604,-0.750833633112614,0
-1.6690032735941764,1,0,-0.88507820676257,89.0,-0.9695397738402698,0.9613382547610368,-1.7900877014918688,0
1.2690169454430427,0,0,-0.054119859965352825,988.0,1.0298769693274887,-1.0310019959878034,1.3276745036458955,1
-0.184106350892712,1,0,2.02327600702769,162.0,-0.970274088821478,0.9712419446932137,-8.305740878040387e-17,0
0.47503012073812845,1,0,1.815536420328386,993.0,1.0309876663222155,-1.0327101677048738,0.28842043526664074,1
1.201797443628655,1,0,0.3613593134332558,238.0,-0.9682599579238306,0.9594788153009236,1.3276745036458955,0
-1.2723540108518376,0,0,0.56909890013256,439.0,1.0303469604843358,-1.0311308302117401,-0.750833633112614,1
1.465779118775582,0,1,-0.6773386200632657,257.0,-0.9698124072617379,0.9752617046517246,1.3276745036458955,0
0.17766825974825715,0,0,0.56909890013256,728.0,1.0308984841049829,-1.0315725058217384,0.28842043526664074,1
-0.21779235950631415,1,0,0.15361972673395147,823.0,1.029687054287582,-1.0342383955116456,-0.750833633112614,1
-1.6371587681486899,0,0,-0.4695990333639614,347.0,1.0301701555571336,-1.0306588496732323,-1.7900877014918688,1
-1.5053385617304995,0,1,-0.6773386200632657,418.0,1.0298734905457139,-1.0271813269705337,-1.7900877014918688,1
-0.3820926072529073,0,0,-0.4695990333639614,139.0,-0.9693653701622574,0.9645641133009112,-0.750833633112614,0
-0.184106350892712,1,1,-0.4695990333639614,185.0,-0.9699746911368442,0.9763115193392364,-0.750833633112614,0
0.37693136247342884,0,0,-0.054119859965352825,766.0,1.031487734430659,-1.0293055030754183,0.28842043526664074,1
-0.019117803925882606,1,1,2.02327600702769,185.0,-0.9675885616171546,0.9765715561694069,0.28842043526664074,0
0.6068503271563191,0,0,-0.88507820676257,855.0,1.0309874337983425,-1.027750539798585,0.28842043526664074,1
0.2788326042087288,0,0,0.56909890013256,753.0,1.0300981073626065,-1.0353982643251225,0.28842043526664074,1
-0.41509031664627316,0,1,-8.335655071619298e-17,171.0,-0.9693710892312015,0.9681302787693382,-0.750833633112614,0
0.7386705335745094,1,0,-8.335655071619298e-17,1072.0,1.0303434392897863,-1.0265417052991075,1.3276745036458955,1
2.0927355972495336,0,1,-1.7160365535597872,394.0,-0.9689583161048918,0.9695177565675175,2.36692857202515,0
-0.7450731851790757,0,0,-1.7160365535597872,588.0,1.030384086464384,-1.03192446645527,-0.750833633112614,1
0.9379336362996812,1,0,-8.335655071619298e-17,1108.0,1.0314138533529382,-1.0328555291515364,1.3276745036458955,1
-1.799634836524599,0,0,-1.7160365535597872,324.0,1.030129166192975,-1.0299645160518907,-8.305740878040387e-17,1
-0.018529256781142443,1,0,-8.335655071619298e-17,870.0,1.0297193645691705,-1.0363590678942791,0.28842043526664074,1
-0.6790719917932002,1,0,0.9845780735311687,151.0,-0.9692056991803841,0.9705963796927419,-8.305740878040387e-17,0
-0.5795315306073947,1,0,-8.335655071619298e-17,728.0,1.0305806188968292,-1.0235971411713383,-0.750833633112614,1
-1.6690032735941764,0,0,-8.335655071619298e-17,75.0,-0.9696317679254479,0.9689533806957394,-1.7900877014918688,0
-0.8770582481533954,1,0,0.7768384868318644,134.0,-0.9682799950802218,0.968689186119995,-0.750833633112614,0
1.532657358279424,0,0,-1.7160365535597872,1210.0,1.0302435481674082,-1.0301705812216364,1.3276745036458955,1
2.158731016036265,1,0,-8.335655071619298e-17,331.0,-0.9694960497757154,0.9682636709196608,2.36692857202515,0
-0.5800788636131026,1,0,0.56909890013256,144.0,-0.9674126114989066,0.9644333678242522,-0.750833633112614,0
1.4008371518612335,0,0,-0.6773386200632657,1041.0,1.0300140642584061,-1.0320689515941828,1.3276745036458955,1
0.7398295121215326,1,0,1.6077968336290815,199.0,-0.9695896754889213,0.9636104379323056,1.3276745036458955,0
-0.6469744269143761,0,0,-0.6773386200632657,591.0,1.030427547718105,-1.03157302574054,-0.750833633112614,1
-0.9443362879042474,0,0,0.7768384868318644,469.0,1.0311781926007213,-1.0303023955040786,-0.750833633112614,1
1.333394255554252,0,0,-1.7160365535597872,1103.0,1.030642523728063,-1.0307429663332892,1.3276745036458955,1
1.5970346683906336,0,0,0.15361972673395147,1048.0,1.030084782902577,-1.033032750402465,1.3276745036458955,1
-0.3496125659245044,0,0,-0.054119859965352825,609.0,1.0310873157404814,-1.0294260040845529,-0.750833633112614,1
-0.44771132418920445,0,0,-8.335655071619298e-17,618.0,1.0302860143820627,-1.0286143789857178,-0.750833633112614,1
0.8718203496949961,0,1,0.7768384868318644,267.0,-0.9692390582875448,0.9699945017630104,1.3276745036458955,0
0.11329094963704783,0,0,0.7768384868318644,704.0,1.0304483351947378,-1.0338849280789781,0.28842043526664074,1
0.5418432557613373,1,0,-8.335655071619298e-17,205.0,-0.9672393936810181,0.9626674058046331,0.28842043526664074,0
0.47503012073812845,0,0,-0.4695990333639614,837.0,1.0302813416654248,-1.0319014686010717,0.28842043526664074,1
1.498935910125933,0,0,0.15361972673395147,1032.0,1.0298110086939087,-1.0288101881962664,1.3276745036458955,1
-0.1511086414993461,0,0,-0.054119859965352825,141.0,-0.9683706431474112,0.9585149367817706,-0.750833633112614,0
-0.7450731851790757,0,0,-0.4695990333639614,549.0,1.030063769845945,-1.0318443080168864,-0.750833633112614,1
0.3108592900077762,1,0,0.56909890013256,184.0,-0.9710301575501227,0.969123745519175,-8.305740878040387e-17,0
0.9716550844531714,0,0,-1.3005573801611787,978.0,1.0305385829620506,-1.0321046905372584,1.3276745036458955,1
0.1458707430409468,1,1,0.56909890013256,197.0,-0.9683849182062962,0.9627696165712747,0.28842043526664074,0
0.2788326042087288,0,0,0.9845780735311687,761.0,1.0302219803595347,-1.0319723868877382,-8.305740878040387e-17,1
-1.4050215984472494,0,0,-0.054119859965352825,156.0,-0.9692771989453923,0.9691709902236598,-0.750833633112614,0
1.1358020248419232,1,0,-0.6773386200632657,254.0,-0.9710991703458619,0.9725698534043825,1.3276745036458955,0
-0.08597215308812386,0,0,-0.4695990333639614,696.0,1.030403772751474,-1.0286449132386557,0.28842043526664074,1
0.21138970790174788,1,1,-0.88507820676257,1561.0,1.0303667422903275,-1.0303812186847217,0.28842043526664074,1
-0.3833340140779951,1,1,0.15361972673395147,853.0,1.0291538157810123,-1.0307371470053022,-0.750833633112614,1
1.532657358279424,1,0,-8.335655071619298e-17,1278.0,1.0295927574316577,-1.0328637240021914,1.3276745036458955,1
-1.80099411116764,1,0,1.4000572469297774,73.0,-0.9682529967833968,0.9663056101630725,-1.7900877014918688,0
0.1458707430409468,1,1,0.56909890013256,267.0,-0.9690601726326218,0.9688933705546339,0.28842043526664074,0
-1.273030760873786,0,0,0.7768384868318644,79.0,-0.9693915017925304,0.9612372487424882,-0.750833633112614,0
0.1128730336475809,0,0,-0.2618594466646571,162.0,-0.970871240798745,0.9727354384460136,0.28842043526664074,0
1.698199012851105,0,0,0.9845780735311687,1052.0,1.029842044291463,-1.027008324762196,1.3276745036458955,1
-0.3490948978595414,0,1,-0.054119859965352825,178.0,-0.9691722196493391,0.9677400241519937,-0.750833633112614,0
2.2907218536097287,1,0,1.192317660230473,288.0,-0.9703173072094121,0.9726321969681122,2.36692857202515,0
-1.6030078548074447,0,0,-0.88507820676257,93.0,-0.9696307179206496,0.9671703047955801,-1.7900877014918688,0
-1.1742552525871375,0,0,-1.5082969668604829,481.0,1.0302741264992141,-1.0295875846593228,-0.750833633112614,1
-0.25151380765980486,0,0,0.56909890013256,628.0,1.0305668590414203,-1.0337268817791359,-0.750833633112614,1
0.8388226403016302,1,0,1.4000572469297774,211.0,-0.9707707359025259,0.9731407142361359,1.3276745036458955,0
-0.08511322271261436,1,0,0.3613593134332558,176.0,-0.96849375971174,0.9599663296366078,0.28842043526664074,0
-0.3160971884661755,0,0,-8.335655071619298e-17,149.0,-0.9686892621292096,0.9688457374458529,-0.750833633112614,0
-0.5795315306073947,0,0,0.56909890013256,572.0,1.0301443571481115,-1.0282792030595747,-0.750833633112614,1
1.927747050282704,1,1,1.192317660230473,294.0,-0.9675417716382128,0.9675618528040121,1.3276745036458955,0
-0.08511322271261436,0,0,-0.88507820676257,150.0,-0.9703292285137046,0.9702185240957899,0.28842043526664074,0
-0.976051376333493,0,1,0.15361972673395147,108.0,-0.9680884368625471,0.9699104103268305,-0.750833633112614,0
0.14701239779053854,1,0,1.192317660230473,914.0,1.0302921393932079,-1.0250301777672353,0.28842043526664074,1
-0.11811093210598024,1,1,-0.4695990333639614,217.0,-0.9695613723630316,0.9688652607726855,-0.750833633112614,0
0.1128730336475809,0,0,-8.335655071619298e-17,165.0,-0.9689349320572848,0.967817893437341,0.28842043526664074,0
-0.21710406028607787,0,0,-0.88507820676257,165.0,-0.9688220040872101,0.9673654177345182,-0.750833633112614,0
0.8718203496949961,0,0,-8.335655071619298e-17,195.0,-0.9696105339248219,0.9671011150826228,1.3276745036458955,0
0.17766825974825715,0,0,-0.4695990333639614,745.0,1.029675038663696,-1.0331381556473862,0.28842043526664074,1
-0.8431719434437758,0,0,0.56909890013256,509.0,1.030823143121256,-1.0291385065349519,-0.750833633112614,1
0.04584805333006688,0,0,0.7768384868318644,745.0,1.0302308696836158,-1.0307942066730285,0.28842043526664074,1
0.24511115605523812,0,0,-1.3005573801611787,851.0,1.0304377901673554,-1.0309714428982226,0.28842043526664074,1
-0.28309947907280963,0,0,0.56909890013256,130.0,-0.9672651849142194,0.9708839190273602,-0.750833633112614,0
1.3667859905954842,1,1,1.192317660230473,270.0,-0.9688981861864724,0.9649927361901606,1.3276745036458955,0
-1.140533804433647,0,0,0.9845780735311687,459.0,1.0304663014444535,-1.0314912314156603,-0.750833633112614,1
-1.306075459005328,0,0,-0.054119859965352825,412.0,1.0302789091452111,-1.0256845793983924,-0.750833633112614,1
0.2778615806144103,1,0,0.7768384868318644,178.0,-0.9699869900373765,0.959908116428857,0.28842043526664074,0
-0.11662801504584248,0,1,-8.335655071619298e-17,820.0,1.0298565213917221,-1.0244335603937702,-0.750833633112614,1
-0.11811093210598024,1,0,-0.6773386200632657,182.0,-0.9688863431702244,0.9629834489015946,-0.750833633112614,0
-0.28309947907280963,1,0,1.4000572469297774,151.0,-0.9701819434080134,0.9664648190611776,-0.750833633112614,0
2.0599381839521853,0,0,-0.054119859965352825,1909.0,1.030378192415654,-1.0304194879850532,2.36692857202515,1
-1.80099411116764,0,0,-1.3005573801611787,67.0,-0.9690580302179094,0.9736245374240068,-1.7900877014918688,0
0.11329094963704783,0,0,0.56909890013256,964.0,1.0303728036711615,-1.030199393950135,0.28842043526664074,1
1.2347951530220207,1,0,-0.2618594466646571,272.0,-0.9692724456271159,0.9716109625781819,1.3276745036458955,0
-1.6678146301064085,0,0,0.7768384868318644,318.0,1.029497791859097,-1.0281295777083053,-1.7900877014918688,1
-0.7120697011865661,1,0,0.7768384868318644,135.0,-0.9694139723717466,0.978671674540131,-0.750833633112614,0
0.4098524181878738,0,0,-1.7160365535597872,229.0,-0.9694814496233456,0.9701273226974971,0.28842043526664074,0
0.6742932234633001,0,0,0.3613593134332558,841.0,1.030576879099752,-1.0244844044243484,-8.305740878040387e-17,1
-0.876893391597266,0,0,-1.5082969668604829,531.0,1.0290337215964864,-1.0314779987127858,-0.750833633112614,1
1.696763084529143,1,0,0.15361972673395147,265.0,-0.97020812425684,0.9610080041924919,1.3276745036458955,0
1.2015740491360622,0,1,0.15361972673395147,1090.0,1.030684656001409,-1.0265227468508646,1.3276745036458955,1
1.167852600982571,1,0,-8.335655071619298e-17,1198.0,1.0300561070908132,-1.0269139446225681,1.3276745036458955,1
-0.5800788636131026,1,0,1.6077968336290815,127.0,-0.9677616239984647,0.9684488130724632,-0.750833633112614,0
-0.11811093210598024,0,0,-1.5082969668604829,168.0,-0.9705023249565924,0.9607730155256005,-0.750833633112614,0
-0.1511086414993461,1,0,-8.335655071619298e-17,169.0,-0.9685907113500984,0.9639173911356399,-0.750833633112614,0
-0.25010176967944375,1,0,0.3613593134332558,160.0,-0.9700784910605693,0.9656231118094898,-0.750833633112614,0
1.698199012851105,1,1,1.815536420328386,1472.0,1.0297375759373701,-1.035685322983577,1.3276745036458955,1
0.013879905467483274,1,0,1.4000572469297774,205.0,-0.9694170339212952,0.9680085366262241,0.28842043526664074,0
0.17886845243431265,1,0,0.7768384868318644,246.0,-0.9691690503285303,0.9682944654830564,0.28842043526664074,0
-0.9100559575467613,1,0,-0.88507820676257,125.0,-0.9706785760604085,0.9694759128323402,-0.750833633112614,0
-0.5470811542197367,1,0,1.4000572469297774,140.0,-0.9699973739775427,0.9670594819067041,-0.750833633112614,0
0.6078386745480691,0,1,-1.7160365535597872,243.0,-0.9702144529020726,0.9586072557415128,0.28842043526664074,0
-0.5800788636131026,0,1,-0.88507820676257,151.0,-0.9696156505585907,0.9763332824306385,-0.750833633112614,0
-1.3720238890538836,1,1,2.02327600702769,102.0,-0.9706938479334126,0.9752854374499915,-8.305740878040387e-17,0
0.24511115605523812,0,0,-0.88507820676257,762.0,1.0311120168085164,-1.0327448024262311,0.28842043526664074,1
-0.5470811542197367,1,0,0.9845780735311687,148.0,-0.970710756293917,0.9679532458306689,-0.750833633112614,0
-0.08597215308812386,0,0,0.15361972673395147,680.0,1.0305231222820732,-1.033200944801259,0.28842043526664074,1
-0.08597215308812386,0,1,0.7768384868318644,758.0,1.0300892426396404,-1.028277203351907,0.28842043526664074,1
-0.48143277234269516,0,0,0.15361972673395147,589.0,1.0312956937555424,-1.0336604722070442,-0.750833633112614,1
-0.9443362879042474,0,0,-1.3005573801611787,584.0,1.0304449170715426,-1.0307449255073553,-0.750833633112614,1
-0.9100559575467613,0,0,-0.6773386200632657,133.0,-0.969273381890168,0.9710875184082975,-0.750833633112614,0
1.3667859905954842,1,0,1.4000572469297774,243.0,-0.968634080499827,0.9793483046547545,1.3276745036458955,0
-0.44771132418920445,0,0,-8.335655071619298e-17,596.0,1.0302688771045436,-1.0361944400522984,-0.750833633112614,1
0.04584805333006688,0,0,0.56909890013256,698.0,1.030038245526433,-1.0329018682874578,0.28842043526664074,1
0.046877614860849154,1,0,-8.335655071619298e-17,198.0,-0.9687138587391207,0.9714661753391054,-8.305740878040387e-17,0
-0.41398987603571374,0,0,-8.335655071619298e-17,608.0,1.0312695238860612,-1.03380049993294,-0.750833633112614,1
0.21186616182767853,0,0,0.56909890013256,159.0,-0.9669498520235851,0.9680800780429615,0.28842043526664074,0
0.11329094963704783,0,0,0.3613593134332558,744.0,1.0302958363431014,-1.0317764134865386,0.28842043526664074,1
0.11329094963704783,0,0,-1.0928177934618744,804.0,1.030231904871755,-1.0302817318435014,0.28842043526664074,1
0.07987532425421504,0,1,0.3613593134332558,194.0,-0.9695668773838951,0.968484968782873,0.28842043526664074,0
0.6078386745480691,0,0,-0.054119859965352825,183.0,-0.9707611885766451,0.9688653836024959,0.28842043526664074,0
-1.4050215984472494,0,1,-0.4695990333639614,104.0,-0.9687808353168411,0.9703841032341388,-8.305740878040387e-17,0
1.201797443628655,0,0,-1.7160365535597872,261.0,-0.9687941664267578,0.9671311798463167,1.3276745036458955,0
0.6078386745480691,1,1,-0.054119859965352825,235.0,-0.9692878380765674,0.9649407667211651,0.28842043526664074,0
-1.1068123562801566,1,0,0.9845780735311687,565.0,1.0310844526189948,-1.0260967935945384,-0.750833633112614,1
0.5748409651547032,1,0,0.7768384868318644,204.0,-0.9701728167653743,0.9691820667543064,0.28842043526664074,0
-0.6460742823998343,0,0,-0.054119859965352825,120.0,-0.9698659529011137,0.9757804893946097,-0.750833633112614,0
-0.5140834448263708,1,0,-0.88507820676257,153.0,-0.9692060022960869,0.9574400641400439,-0.750833633112614,0
-0.3496125659245044,0,0,0.3613593134332558,668.0,1.0305067154777878,-1.0301760233792119,-0.750833633112614,1
-0.9100559575467613,0,0,-8.335655071619298e-17,119.0,-0.9688374417201452,0.978602402512503,-0.750833633112614,0
0.6738340933348008,1,1,1.192317660230473,227.0,-0.9687166660571663,0.9752615614608039,1.3276745036458955,0
1.0360323945643808,0,0,-1.5082969668604829,980.0,1.0297307788519496,-1.0259982007967712,1.3276745036458955,1
-0.184106350892712,1,0,-8.335655071619298e-17,161.0,-0.9698875726912914,0.9690319864425992,-0.750833633112614,0
0.21186616182767853,1,0,-0.2618594466646571,256.0,-0.9693632578288726,0.9688251160030238,0.28842043526664074,0
0.21186616182767853,0,0,-0.6773386200632657,185.0,-0.9685245556196111,0.9695567196173241,0.28842043526664074,0
0.1128730336475809,0,0,-0.054119859965352825,191.0,-0.9689728417216544,0.9687046083998865,0.28842043526664074,0
0.7386705335745094,0,0,-1.5082969668604829,916.0,1.0297809049449955,-1.0298054664797398,1.3276745036458955,1
1.2015740491360622,0,0,0.56909890013256,1011.0,1.0301638697641253,-1.0302745401301223,1.3276745036458955,1
-0.018529256781142443,0,0,-0.6773386200632657,693.0,1.0292764465490047,-1.0309018325483386,0.28842043526664074,1
-0.44808802603963904,1,0,0.9845780735311687,152.0,-0.9685786073851305,0.9742204283981157,-0.750833633112614,0
0.24511115605523812,0,0,-1.0928177934618744,785.0,1.0296599053867,-1.0300445773430833,0.28842043526664074,1
-0.018529256781142443,0,0,-1.3005573801611787,725.0,1.0304016369088649,-1.0283171594623175,0.28842043526664074,1
-0.3160971884661755,1,1,-0.4695990333639614,173.0,-0.9701761750755937,0.9774318685214426,-0.750833633112614,0
2.785687494510217,1,0,0.7768384868318644,325.0,-0.9682530336490394,0.9736951963014987,2.36692857202515,0
-0.9100559575467613,0,0,-8.335655071619298e-17,148.0,-0.9683824267595317,0.9708980454548933,-0.750833633112614,0
-1.570010145414079,1,0,-8.335655071619298e-17,108.0,-0.9694098354312729,0.9710686708616622,-1.7900877014918688,0
0.07956950148355713,0,0,0.7768384868318644,872.0,1.0304010228763345,-1.030696263858499,0.28842043526664074,1
-0.6469744269143761,0,0,-1.3005573801611787,599.0,1.0305873833414019,-1.0298653281794097,-0.750833633112614,1
-1.0420467951202248,0,0,0.56909890013256,99.0,-0.969087535373297,0.9611373374862925,-0.750833633112614,0
-0.6790719917932002,0,0,-1.7160365535597872,151.0,-0.9696604854153338,0.9715616932885988,-8.305740878040387e-17,0
-0.6460742823998343,0,0,-8.335655071619298e-17,491.0,-0.9692318533566765,0.9689706628501202,-0.750833633112614,0
-0.6790719917932002,0,0,-1.7160365535597872,144.0,-0.9712134000979653,0.973686508157206,-0.750833633112614,0
-0.44808802603963904,1,0,-0.054119859965352825,150.0,-0.9695600245594491,0.961768769717336,-0.750833633112614,0
0.5424730170451099,1,0,1.6077968336290815,1029.0,1.0302261369946777,-1.0321285823764332,0.28842043526664074,1
-0.1511086414993461,0,1,0.15361972673395147,180.0,-0.9689551219005744,0.9700872754277061,-0.750833633112614,0
-0.7120697011865661,0,0,-1.7160365535597872,166.0,-0.969568779963157,0.9680645099387737,-0.750833633112614,0
0.7386705335745094,0,0,-0.4695990333639614,877.0,1.0301607281906757,-1.032474372008312,1.3276745036458955,1
-0.11662801504584248,0,0,-8.335655071619298e-17,678.0,1.0305136865780604,-1.0322322219131719,-0.750833633112614,1
-1.2386325626983468,0,0,0.7768384868318644,412.0,1.0311233706665155,-1.0357291897936403,-0.750833633112614,1
0.1458707430409468,0,0,-1.5082969668604829,231.0,-0.9690928163119032,0.9683248203895858,0.28842043526664074,0
-0.08597215308812386,0,1,0.3613593134332558,753.0,1.0309666346966484,-1.024394918490312,-8.305740878040387e-17,1
-1.5040147266273471,1,0,1.815536420328386,158.0,-0.9691323753479714,0.9689648714409483,-1.7900877014918688,0
0.046877614860849154,0,0,-1.5082969668604829,172.0,-0.9683469107657854,0.9670143309572473,0.28842043526664074,0
-0.28309947907280963,0,0,-0.88507820676257,185.0,-0.9694505143670749,0.9696175176356236,-8.305740878040387e-17,0
0.015192191372347797,0,0,-8.335655071619298e-17,686.0,1.029571014817079,-1.028619436282574,0.28842043526664074,1
0.9708134778750938,1,1,1.4000572469297774,253.0,-0.9677264170313844,0.9696883120858535,1.3276745036458955,0
-1.4378956654235184,0,0,-8.335655071619298e-17,391.0,1.030223934474041,-1.031084228111131,-0.750833633112614,1
-0.052115513319248484,0,0,-0.4695990333639614,563.0,-0.9692328251645126,0.9690526835979751,0.28842043526664074,0
-0.545810082453904,0,1,-1.3005573801611787,696.0,1.0306758907765712,-1.030638663918633,-0.750833633112614,1
-0.745067410579932,1,0,0.7768384868318644,135.0,-0.9712396016466133,0.9679853209208849,-0.750833633112614,0
1.4987768281689478,0,0,-0.88507820676257,353.0,-0.9691730965875631,0.9695744520760574,1.3276745036458955,0
0.04584805333006688,0,1,-0.2618594466646571,1275.0,1.0303862571897522,-1.030342425055649,0.28842043526664074,1
0.07956950148355713,0,0,-1.7160365535597872,832.0,1.030260984474632,-1.030913643455473,0.28842043526664074,1
1.0698066060551914,1,0,-0.4695990333639614,245.0,-0.9698440888469989,0.9743874449725265,1.3276745036458955,0
-0.6130765730064685,1,0,1.4000572469297774,143.0,-0.9707122879926747,0.9665610331037319,-0.750833633112614,0
0.8704907399926998,0,0,-0.054119859965352825,974.0,1.0304924696832127,-1.0299338556573312,1.3276745036458955,1
-0.8770582481533954,0,1,-1.0928177934618744,159.0,-0.9695063230470733,0.9694107832071026,-0.750833633112614,0
-0.5800788636131026,1,0,1.6077968336290815,131.0,-0.9708827743550343,0.9718145345833072,-0.750833633112614,0
-0.9443362879042474,0,0,-1.7160365535597872,546.0,1.0301256915383643,-1.0303457636547744,-0.750833633112614,1
-0.11662801504584248,1,0,1.192317660230473,837.0,1.0301927878918795,-1.0248725501963245,-8.305740878040387e-17,1
-0.25010176967944375,1,0,-0.2618594466646571,181.0,-0.969696050804924,0.9718321686480532,-0.750833633112614,0
0.1458707430409468,1,0,-0.4695990333639614,196.0,-0.9678041234244031,0.9663015947291594,0.28842043526664074,0
0.17886845243431265,1,0,0.15361972673395147,181.0,-0.9678388279827976,0.9654707777723189,0.28842043526664074,0
-0.48143277234269516,1,0,1.192317660230473,738.0,1.0312525282610245,-1.0306962123300867,-0.750833633112614,1
-1.0420467951202248,0,0,0.15361972673395147,105.0,-0.9695019602959357,0.9657589950368463,-0.750833633112614,0
-0.25010176967944375,0,0,0.7768384868318644,144.0,-0.9690631485550143,0.9655846862352875,-0.750833633112614,0
-0.3158911177710142,0,0,-0.88507820676257,818.0,1.030331968751088,-1.030257066389685,-8.305740878040387e-17,1
-0.5470811542197367,0,0,-0.88507820676257,131.0,-0.9685716286502788,0.9780252475718306,-0.750833633112614,0
-0.8770582481533954,1,0,1.815536420328386,118.0,-0.969003896415299,0.9735519892934578,-0.750833633112614,0
-0.6469744269143761,0,0,-1.9237761402590916,619.0,1.0301183491391626,-1.0329780287632637,-0.750833633112614,1
-1.009049085726859,1,0,-0.2618594466646571,124.0,-0.9703734110485549,0.974408902517942,-0.750833633112614,0
1.696763084529143,1,0,1.192317660230473,250.0,-0.9673432604299358,0.9724114060966924,1.3276745036458955,0
0.24511115605523812,1,0,1.4000572469297774,1088.0,1.030425686184572,-1.0306786305988356,0.28842043526664074,1
1.0698066060551914,0,0,-8.335655071619298e-17,247.0,-0.9683050560086728,0.9617782653160404,-8.305740878040387e-17,0
0.7080146716167909,0,0,0.7768384868318644,830.0,1.0302196368650594,-1.0253444992969252,1.3276745036458955,1
-0.018529256781142443,0,0,-1.5082969668604829,748.0,1.0304970409224883,-1.0326327454615207,0.28842043526664074,1
1.4008371518612335,0,0,-8.335655071619298e-17,1091.0,1.030065528177086,-1.0267931429095294,1.3276745036458955,1
1.8947493408893383,1,1,1.815536420328386,299.0,-0.9703663125016914,0.9735196679488717,1.3276745036458955,0
0.34320991431993814,0,0,-1.9237761402590916,859.0,1.0309775708076199,-1.029056939363208,-8.305740878040387e-17,1
-0.11662801504584248,0,0,0.3613593134332558,672.0,1.0299636545406856,-1.0285161193205694,-0.750833633112614,1
-0.711351737025585,1,0,-0.2618594466646571,685.0,1.031097869651472,-1.0321304159622915,-0.750833633112614,1
-0.6790719917932002,1,0,-8.335655071619298e-17,136.0,-0.9696767537379943,0.9757022792216662,-0.750833633112614,0
1.4987768281689478,1,1,2.02327600702769,277.0,-0.9706802706308959,0.9645090517636721,1.3276745036458955,0
0.1128730336475809,1,0,0.9845780735311687,170.0,-0.969509830968913,0.9636409272218371,0.28842043526664074,0
-1.3735183553123091,0,0,-1.3005573801611787,436.0,1.0305635286513475,-1.0308949271520196,-0.750833633112614,1
0.17766825974825715,0,0,0.15361972673395147,747.0,1.0298493601239043,-1.031198533718255,0.28842043526664074,1
1.2347951530220207,1,0,-0.054119859965352825,246.0,-0.969066352252412,0.9586433024885452,1.3276745036458955,0
0.046877614860849154,1,0,0.15361972673395147,187.0,-0.9701591585190903,0.9676202807209406,0.28842043526664074,0
-1.1080422139069566,0,0,-8.335655071619298e-17,108.0,-0.9691330782788622,0.9663313374221071,-0.750833633112614,0
3.1144998352977082,0,0,0.56909890013256,1632.0,1.0304029265791668,-1.030747931884313,2.36692857202515,1
-0.3833340140779951,0,0,-8.335655071619298e-17,638.0,1.0301907165070707,-1.0361481585999592,-0.750833633112614,1
-1.6034373199951995,0,0,-8.335655071619298e-17,336.0,1.030897222389301,-1.029259380967859,-1.7900877014918688,1
0.7080146716167909,0,0,-0.054119859965352825,854.0,1.0299562277612064,-1.035257930852447,1.3276745036458955,1
0.3108592900077762,1,0,1.192317660230473,179.0,-0.9697016828888312,0.9756231920328694,0.28842043526664074,0
0.6742932234633001,1,0,-0.054119859965352825,1086.0,1.0300041586410287,-1.0273693283451435,1.3276745036458955,1
2.422712691183192,0,0,-1.7160365535597872,361.0,-0.9688943552653863,0.9697625142160341,2.36692857202515,0
-0.6469744269143761,0,1,0.15361972673395147,626.0,1.0300495045464777,-1.026089401552775,-0.750833633112614,1
1.00231094641089,1,0,1.4000572469297774,1146.0,1.0312437129731435,-1.029671829021682,1.3276745036458955,1
-0.4810857354330049,1,1,0.3613593134332558,160.0,-0.9702806800928272,0.9718148932894645,-0.750833633112614,0
-0.9106148397507567,1,0,1.815536420328386,616.0,1.030594761189961,-1.0344955709598458,-0.750833633112614,1
1.4314930138189526,0,0,-1.7160365535597872,1095.0,1.0295254396945706,-1.030997966397623,1.3276745036458955,1
0.4428501275812397,1,0,0.15361972673395147,193.0,-0.9712524805894318,0.9729845695871178,0.28842043526664074,0
-0.28309947907280963,1,1,0.56909890013256,171.0,-0.9680036598312507,0.9743390475967234,-0.750833633112614,0
1.0368088966618254,1,0,1.4000572469297774,221.0,-0.970873282909411,0.9685123656349746,1.3276745036458955,0
-0.18407091135282344,1,0,-8.335655071619298e-17,819.0,1.0299207750492758,-1.0267314997961947,-0.750833633112614,1
0.5088455463679714,1,0,-0.88507820676257,226.0,-0.9675347915444549,0.9685277038464695,-8.305740878040387e-17,0
0.47503012073812845,0,0,0.56909890013256,805.0,1.0299854259350076,-1.0315695333623245,0.28842043526664074,1
-0.9430536669401272,1,0,0.15361972673395147,118.0,-0.9689927459877336,0.9578181087404805,-0.750833633112614,0
-0.28309947907280963,1,0,1.815536420328386,153.0,-0.9683182190626435,0.9736677277904158,-0.750833633112614,0
0.7068318027281667,0,0,-1.7160365535597872,217.0,-0.9703196653550381,0.9728038782113112,1.3276745036458955,0
-1.306075459005328,0,0,0.7768384868318644,395.0,1.0292243097246163,-1.0284085289827367,-0.750833633112614,1
-0.11811093210598024,0,0,-1.0928177934618744,156.0,-0.968083912776593,0.9782485814693029,-0.750833633112614,0
0.14701239779053854,1,0,0.15361972673395147,921.0,1.0304004260155994,-1.0253596549457291,-8.305740878040387e-17,1
0.07956950148355713,1,0,0.15361972673395147,915.0,1.0300261861956523,-1.0298863267384262,0.28842043526664074,1
-0.41398987603571374,0,0,-1.7160365535597872,654.0,1.0307648487111756,-1.0323563333854662,-0.750833633112614,1
2.224726434822997,1,1,-8.335655071619298e-17,337.0,-0.9672966767153913,0.9647479696866007,2.36692857202515,0
-0.6132529787608855,0,0,0.15361972673395147,564.0,1.030457565036997,-1.0287821736160794,-0.750833633112614,1
-0.052115513319248484,0,0,-8.335655071619298e-17,132.0,-0.9703593303758887,0.9637381461025576,0.28842043526664074,0
-1.537012436020713,0,0,0.56909890013256,82.0,-0.9695797260833894,0.9696384698891721,-1.7900877014918688,0
0.6078386745480691,1,0,-8.335655071619298e-17,203.0,-0.9703679395334547,0.9690684612604561,0.28842043526664074,0
-1.042435046168947,0,0,-8.335655071619298e-17,454.0,1.0301762866739739,-1.0359310795925947,-0.750833633112614,1
1.2352954972895525,0,0,0.15361972673395147,991.0,1.0307052211217302,-1.0304606647013541,1.3276745036458955,1
1.0698066060551914,1,1,1.192317660230473,247.0,-0.9706439634563012,0.9629565725409597,1.3276745036458955,0
1.1358020248419232,1,0,2.02327600702769,220.0,-0.9687578444265136,0.9643997705828816,1.3276745036458955,0
1.0368088966618254,0,1,-1.0928177934618744,249.0,-0.969963705712646,0.9710987556664863,-8.305740878040387e-17,0
1.2996728074007617,0,0,-0.88507820676257,1005.0,1.0309680000334671,-1.0354762572906606,1.3276745036458955,1
4.699554639325438,1,0,-0.2618594466646571,501.0,-0.9689440924059459,0.9675831690171505,2.36692857202515,0
0.30948846616644743,0,0,-1.9237761402590916,839.0,1.031416575338364,-1.0310388156142605,0.28842043526664074,1
-0.7780651199732979,1,0,-0.2618594466646571,134.0,-0.9700103955142323,0.971655930856644,-8.305740878040387e-17,0
0.17886845243431265,0,1,-0.4695990333639614,179.0,-0.9688300760292479,0.9759330226781011,0.28842043526664074,0
-1.4041742172700278,1,0,0.56909890013256,473.0,1.029300751054389,-1.0258828960861544,-0.750833633112614,1
-1.799634836524599,0,1,-1.3005573801611787,389.0,1.0303865904879017,-1.0299011969548353,-8.305740878040387e-17,1
1.9281179775339954,1,0,-0.054119859965352825,1440.0,1.0298631040709065,-1.0278747291457266,1.3276745036458955,1
0.5088455463679714,0,0,-8.335655071619298e-17,220.0,-0.970047668755182,0.9611370757405998,0.28842043526664074,0
0.24486387122104442,1,0,1.192317660230473,185.0,-0.9710910323908767,0.9726193285999467,0.28842043526664074,0
-0.9106148397507567,0,0,0.3613593134332558,543.0,1.0302710134817714,-1.0307332436279166,-0.750833633112614,1
0.5418432557613373,0,0,-1.7160365535597872,218.0,-0.9697065034760085,0.970788171983978,0.28842043526664074,0
-0.48143277234269516,0,0,0.3613593134332558,860.0,1.0304013072052538,-1.0302889793807704,-0.750833633112614,1
-1.2386325626983468,0,0,-0.2618594466646571,432.0,1.0304248788109898,-1.0335218732776734,-0.750833633112614,1
0.11329094963704783,0,0,0.7768384868318644,720.0,1.0302101400747439,-1.0317953217691778,0.28842043526664074,1
-0.6469744269143761,0,0,-8.335655071619298e-17,610.0,1.0305019648826979,-1.0296219364770243,-0.750833633112614,1
0.6405717753098095,0,0,-1.9237761402590916,930.0,1.0297767378733278,-1.0343611840047704,0.28842043526664074,1
1.698199012851105,1,0,0.9845780735311687,1385.0,1.0301709602011089,-1.0314049044736437,1.3276745036458955,1
-1.3397969071588185,0,0,0.15361972673395147,390.0,1.02995627936245,-1.0352746210434325,-0.750833633112614,1
-0.8440605387600295,0,0,-0.88507820676257,113.0,-0.9676232914760581,0.975048946731303,-0.750833633112614,0
1.3997836999888502,1,0,1.192317660230473,264.0,-0.9696046983244005,0.9706172098068105,1.3276745036458955,0
2.026216735798695,0,0,-0.88507820676257,1181.0,1.0300118395209052,-1.0338860697686112,2.36692857202515,1
1.0360323945643808,0,1,0.3613593134332558,1061.0,1.0308201093562517,-1.0302644324302017,1.3276745036458955,1
1.8943965293805043,0,0,-0.88507820676257,1150.0,1.031232472722136,-1.0295502686832585,1.3276745036458955,1
-0.5470811542197367,1,0,1.815536420328386,143.0,-0.9684984814090661,0.9623772340262031,-0.750833633112614,0
2.026216735798695,1,0,-0.6773386200632657,1473.0,1.031429077436493,-1.0311808772744824,2.36692857202515,1
0.17766825974825715,0,0,-1.3005573801611787,770.0,1.030314955662316,-1.0280380697520732,0.28842043526664074,1
1.0360323945643808,0,0,-1.7160365535597872,1010.0,1.030574140652579,-1.033045452779456,1.3276745036458955,1
-0.3490948978595414,1,1,0.15361972673395147,170.0,-0.9677025183784101,0.9752640399150256,-0.750833633112614,0
-0.9106148397507567,0,0,-8.335655071619298e-17,480.0,1.0298978491835293,-1.0248244665751214,-0.750833633112614,1
-0.44808802603963904,1,0,0.7768384868318644,147.0,-0.9701759638392362,0.9786843729989817,-0.750833633112614,0
2.357300044942057,1,0,-8.335655071619298e-17,1541.0,1.0296836594495495,-1.0320990433387993,2.36692857202515,1
-0.976051376333493,1,0,0.15361972673395147,119.0,-0.9699258119694288,0.9769359944186887,-0.750833633112614,0
-0.9430536669401272,0,0,-8.335655071619298e-17,128.0,-0.9695971857797228,0.9745510878237519,-0.750833633112614,0
-0.2821696696175235,1,0,-0.6773386200632657,813.0,1.0311660292606837,-1.0335097001118208,-0.750833633112614,1
-0.3490948978595414,0,0,-1.3005573801611787,155.0,-0.9685976545136961,0.9790852006981269,-0.750833633112614,0
0.904818059088362,1,0,1.6077968336290815,223.0,-0.9693764688274809,0.962994281280129,1.3276745036458955,0
0.17886845243431265,1,0,0.56909890013256,179.0,-0.9700612757002456,0.9628816368455645,-8.305740878040387e-17,0
1.2347951530220207,0,1,-0.4695990333639614,261.0,-0.9693269741515971,0.971835228618497,1.3276745036458955,0
0.04584805333006688,0,0,-0.2618594466646571,704.0,1.0315825266391057,-1.0296802768277513,0.28842043526664074,1
0.6408363839414349,0,0,-1.3005573801611787,196.0,-0.9701977890417928,0.9751350690034255,0.28842043526664074,0
1.7962977711158048,0,0,-1.9237761402590916,1208.0,1.0304373810024146,-1.0350915970401127,1.3276745036458955,1
-0.5151542204961854,0,0,-1.3005573801611787,603.0,1.0300283291310508,-1.0329445591984538,-0.750833633112614,1
-0.11662801504584248,0,0,0.9845780735311687,654.0,1.0294913986361878,-1.0322903952650277,-0.750833633112614,1
-1.5040147266273471,0,0,-0.2618594466646571,86.0,-0.9686329644887467,0.9723418910200586,-1.7900877014918688,0
0.4098524181878738,1,0,-8.335655071619298e-17,195.0,-0.9672310277873585,0.9698363004603587,-8.305740878040387e-17,0
-0.21779235950631415,0,0,0.56909890013256,631.0,1.0294964157414013,-1.0250048081635816,-0.750833633112614,1
-0.7787946333325664,1,0,0.3613593134332558,661.0,1.0300301014533426,-1.0362931660374757,-0.750833633112614,1
-0.25010176967944375,0,0,0.15361972673395147,138.0,-0.9682785914412726,0.9760967121775485,-0.750833633112614,0
0.7728272215148985,1,0,0.7768384868318644,220.0,-0.9675261634650141,0.9637863976096946,1.3276745036458955,0
1.0368088966618254,0,0,-8.335655071619298e-17,235.0,-0.9688663065568925,0.9685733276043171,1.3276745036458955,0
-0.7450731851790757,0,0,-8.335655071619298e-17,642.0,1.03034808415016,-1.0300608717688893,-0.750833633112614,1
0.4758478369746056,0,0,-0.054119859965352825,160.0,-0.9693563067873797,0.9797828957806533,0.28842043526664074,0
1.6637653751357773,0,0,-0.88507820676257,247.0,-0.9699378874331481,0.9794593986582687,1.3276745036458955,0
0.9042121881461904,0,1,0.3613593134332558,1003.0,1.030691968674851,-1.0350624962329087,1.3276745036458955,1
0.7080146716167909,0,0,-0.88507820676257,874.0,1.0295243237946143,-1.0279473777491126,1.3276745036458955,1
-0.6460742823998343,1,0,-0.4695990333639614,140.0,-0.9700282200818185,0.9672978950048304,-0.750833633112614,0
-1.3735183553123091,0,0,-0.2618594466646571,528.0,1.0304211401523626,-1.0304353150450247,-0.750833633112614,1
-0.5140834448263708,1,0,0.7768384868318644,138.0,-0.9676440437891081,0.9661957077836154,-0.750833633112614,0
0.21186616182767853,1,1,-0.2618594466646571,220.0,-0.9702406728864662,0.9703166554673771,0.28842043526664074,0
-0.8770582481533954,1,1,1.4000572469297774,142.0,-0.9691417073395332,0.9665145047942715,-0.750833633112614,0
1.333394255554252,1,0,-8.335655071619298e-17,1253.0,1.030591771428796,-1.031463485216491,-8.305740878040387e-17,1
-0.9430536669401272,1,1,1.6077968336290815,142.0,-0.9687763229229478,0.9717035941303677,-0.750833633112614,0
0.34385699940114206,1,0,-0.88507820676257,210.0,-0.967777604308293,0.9668433769676055,0.28842043526664074,0
0.6078386745480691,0,0,0.15361972673395147,191.0,-0.9685377171239347,0.9678896862890742,0.28842043526664074,0
0.8388226403016302,0,0,-0.4695990333639614,197.0,-0.969994152654768,0.9715388213468664,1.3276745036458955,0
1.4314930138189526,0,0,-0.4695990333639614,1023.0,1.029462096499872,-1.0352681233552266,1.3276745036458955,1
-0.5140834448263708,1,0,0.56909890013256,142.0,-0.9694920830580159,0.9602756403240009,-0.750833633112614,0
-0.41398987603571374,0,0,-0.6773386200632657,712.0,1.0304255184930902,-1.0307631506221853,-0.750833633112614,1
-1.6360055642008107,1,0,0.56909890013256,90.0,-0.967288418119157,0.9623567382785897,-1.7900877014918688,0
-1.799634836524599,0,0,-0.88507820676257,304.0,1.0309992436446676,-1.026303085914383,-1.7900877014918688,1
-1.042435046168947,0,1,-0.054119859965352825,526.0,1.03018372624603,-1.0266515899686453,-0.750833633112614,1
-0.6132529787608855,0,0,-0.054119859965352825,567.0,1.0306044757305663,-1.0316155363904986,-0.750833633112614,1
0.37693136247342884,0,0,-0.88507820676257,792.0,1.0293364199121489,-1.0309341054777128,0.28842043526664074,1
0.1458707430409468,1,1,-0.2618594466646571,223.0,-0.9698314502723355,0.9671868677300065,0.28842043526664074,0
-0.6130765730064685,1,0,0.15361972673395147,132.0,-0.9687275984822772,0.9586081315933999,-0.750833633112614,0
0.8718203496949961,1,0,-8.335655071619298e-17,257.0,-0.969726549011563,0.9679401854286717,1.3276745036458955,0
0.6068503271563191,0,0,-0.054119859965352825,825.0,1.031365206749094,-1.0254822959660248,0.28842043526664074,1
0.17766825974825715,0,0,-0.88507820676257,766.0,1.0299083909177664,-1.0307417785756952,0.28842043526664074,1
-0.3158911177710142,0,0,-1.3005573801611787,639.0,1.0310963656823648,-1.0345100183773943,-0.750833633112614,1
-0.21779235950631415,1,0,-0.88507820676257,844.0,1.0303773062480017,-1.0251909041969227,-8.305740878040387e-17,1
0.8388226403016302,0,0,-1.0928177934618744,218.0,-0.968490436964263,0.9713162688009828,1.3276745036458955,0
-1.24003305148042,1,0,1.192317660230473,96.0,-0.9697306926466729,0.9648166650626527,-0.750833633112614,0
-1.3060284702671519,1,0,-8.335655071619298e-17,116.0,-0.9689829378213345,0.9695973552822745,-0.750833633112614,0
-1.4041742172700278,0,1,0.9845780735311687,418.0,1.0314170887209977,-1.0259390131794417,-0.750833633112614,1
1.6637653751357773,0,0,0.7768384868318644,263.0,-0.9693867066881516,0.9678744390549435,1.3276745036458955,0
0.5088455463679714,0,0,-8.335655071619298e-17,201.0,-0.9675944938392451,0.9691311705916802,0.28842043526664074,0
-0.44808802603963904,1,1,0.56909890013256,163.0,-0.9693875246820868,0.9655215124154218,-0.750833633112614,0
0.7386705335745094,0,0,-0.2618594466646571,871.0,1.0301854577443206,-1.026766291391455,1.3276745036458955,1
-0.018529256781142443,0,1,-1.3005573801611787,834.0,1.030615451589572,-1.0320764574270491,0.28842043526664074,1
-1.4380193078406154,1,1,-8.335655071619298e-17,113.0,-0.9698796577719137,0.9666353738092895,-0.750833633112614,0
-0.6460742823998343,1,0,0.3613593134332558,136.0,-0.9712767094439368,0.9660103570420867,-0.750833633112614,0
0.11329094963704783,0,0,0.15361972673395147,721.0,1.0299862105683284,-1.0289669912441277,0.28842043526664074,1
0.24511115605523812,0,0,-8.335655071619298e-17,758.0,1.029915947152032,-1.030435890672638,0.28842043526664074,1
0.2778615806144103,0,0,-8.335655071619298e-17,186.0,-0.9691118244417879,0.9673916293654502,0.28842043526664074,0
-1.140533804433647,0,0,-1.7160365535597872,480.0,1.0300050045428781,-1.0286155725339272,-0.750833633112614,1
-0.052115513319248484,0,0,0.3613593134332558,157.0,-0.969141588263998,0.965720061313751,0.28842043526664074,0
0.2788326042087288,1,0,0.3613593134332558,948.0,1.0291818085081388,-1.0286579761320223,0.28842043526664074,1
1.00231094641089,0,0,0.15361972673395147,917.0,1.030513853751145,-1.0348240458884002,1.3276745036458955,1
1.6307676657424113,1,1,-8.335655071619298e-17,283.0,-0.9700238600833927,0.9777952820868238,1.3276745036458955,0
-0.41509031664627316,1,0,-8.335655071619298e-17,188.0,-0.9689627861913296,0.969640394591105,-0.750833633112614,0
-0.876893391597266,0,0,-1.7160365535597872,543.0,1.0303879958197206,-1.0284510945031675,-0.750833633112614,1
-0.25010176967944375,0,0,-1.5082969668604829,183.0,-0.968933514856536,0.9671245082394984,-0.750833633112614,0
1.0698066060551914,1,0,1.192317660230473,232.0,-0.9700240915415812,0.9756468319501688,-8.305740878040387e-17,0
-1.009049085726859,1,0,-8.335655071619298e-17,131.0,-0.9685023604040285,0.9694083160115221,-0.750833633112614,0
1.333394255554252,0,0,-1.7160365535597872,1078.0,1.0309644063623369,-1.0285252850594622,1.3276745036458955,1
0.1128730336475809,1,0,-8.335655071619298e-17,164.0,-0.9694117973697977,0.9589477526719832,0.28842043526664074,0
0.6408363839414349,1,1,0.15361972673395147,237.0,-0.9706490317410245,0.9642951717072341,0.28842043526664074,0
-1.5053385617304995,0,0,-0.054119859965352825,413.0,1.0304060047380799,-1.0308848117881697,-1.7900877014918688,1
0.11329094963704783,0,0,0.7768384868318644,716.0,1.0309396888297342,-1.0281719243458738,0.28842043526664074,1
0.013879905467483274,0,0,0.7768384868318644,165.0,-0.9689565166440413,0.9710475460903472,0.28842043526664074,0
-0.41509031664627316,1,0,1.4000572469297774,139.0,-0.9708786991642674,0.9762531559204551,-0.750833633112614,0
-0.019117803925882606,1,0,0.15361972673395147,174.0,-0.9693145382851692,0.9586291273267846,0.28842043526664074,0
2.323719563003095,0,0,-8.335655071619298e-17,344.0,-0.9688519917922226,0.9707275898227206,2.36692857202515,0
-0.6460742823998343,1,0,0.15361972673395147,137.0,-0.968070625125349,0.9592791693114056,-0.750833633112614,0
-0.3833340140779951,0,0,0.7768384868318644,589.0,1.0292668346208242,-1.0291700640356125,-0.750833633112614,1
-0.5140834448263708,0,0,-1.5082969668604829,160.0,-0.9691277351902936,0.9714238897109935,-8.305740878040387e-17,0
2.158036942216885,1,0,0.3613593134332558,1480.0,1.03118472585118,-1.032023102862545,-8.305740878040387e-17,1
-0.8770582481533954,0,1,-1.3005573801611787,131.0,-0.9707280919203652,0.9654509155177772,-0.750833633112614,0
0.8058249309082643,1,1,-8.335655071619298e-17,226.0,-0.9704635924776281,0.9696388698617899,1.3276745036458955,0
0.6068503271563191,1,0,1.815536420328386,1024.0,1.0291906338469827,-1.0280547783281184,0.28842043526664074,1
-0.3496125659245044,0,0,-0.054119859965352825,616.0,1.030954733039504,-1.0294708745087848,-0.750833633112614,1
2.522841699513738,1,0,1.6077968336290815,1554.0,1.0301853645889112,-1.025557131113562,2.36692857202515,1
-1.0087135980154567,0,0,0.15361972673395147,459.0,1.0317032411004055,-1.0305729578323126,-0.750833633112614,1
-0.5795315306073947,0,0,-8.335655071619298e-17,660.0,1.0303895003288623,-1.0299567940444294,-0.750833633112614,1
-0.9106148397507567,0,0,0.9845780735311687,502.0,1.0301479479399192,-1.0290892518378367,-0.750833633112614,1
-0.21710406028607787,0,0,-0.4695990333639614,148.0,-0.968752161664269,0.9711382935740912,-0.750833633112614,0
0.6742932234633001,1,0,2.02327600702769,1049.0,1.0311991104132348,-1.030979545496746,1.3276745036458955,1
-1.1080422139069566,1,0,2.02327600702769,113.0,-0.9684664436180549,0.9712350842624478,-0.750833633112614,0
-0.3158911177710142,0,0,-0.6773386200632657,630.0,1.0296690416974517,-1.0248742785395686,-0.750833633112614,1
-0.6469744269143761,0,0,-8.335655071619298e-17,598.0,1.030506302439052,-1.0300573823039325,-0.750833633112614,1
-1.80099411116764,1,0,0.9845780735311687,80.0,-0.9689476817533736,0.9727146784694904,-1.7900877014918688,0
-0.1511086414993461,0,0,-1.5082969668604829,167.0,-0.9684690829063839,0.9736545271287674,-0.750833633112614,0
0.17766825974825715,1,0,0.3613593134332558,930.0,1.0294204740814472,-1.0332840395647747,0.28842043526664074,1
-0.08597215308812386,1,0,0.15361972673395147,863.0,1.0302266937354476,-1.0257581772262592,0.28842043526664074,1
0.14701239779053854,0,0,-1.3005573801611787,792.0,1.0301912200337013,-1.0308530370792781,0.28842043526664074,1
0.2788326042087288,1,0,0.15361972673395147,967.0,1.0305837350432572,-1.0277017306341873,0.28842043526664074,1
-1.042435046168947,1,0,0.9845780735311687,572.0,1.0293222049090407,-1.0341522787735438,-0.750833633112614,1
-0.9430536669401272,0,0,-1.0928177934618744,197.0,-0.9691207252955476,0.9689670635523405,-0.750833633112614,0
-0.21779235950631415,0,0,0.3613593134332558,769.0,1.0304223621547874,-1.0300848751807343,-0.750833633112614,1
-0.28309947907280963,0,0,-1.0928177934618744,145.0,-0.9682857221869334,0.9743034014085843,-0.750833633112614,0
1.168799734235289,0,0,-0.054119859965352825,252.0,-0.9691335059533774,0.9674554332834892,1.3276745036458955,0
1.5647722469556795,0,0,-1.3005573801611787,369.0,-0.9692538515218795,0.9695407007310949,1.3276745036458955,0
1.696763084529143,0,0,-8.335655071619298e-17,230.0,-0.9697174016042114,0.9771601122325825,1.3276745036458955,0
1.6307676657424113,1,0,2.02327600702769,258.0,-0.9692859931487322,0.9754858656838846,1.3276745036458955,0
-0.08511322271261436,0,1,-0.054119859965352825,164.0,-0.9682385649523724,0.9729660972902087,0.28842043526664074,0
0.6738340933348008,0,0,-8.335655071619298e-17,193.0,-0.9700242157997184,0.975352345153838,1.3276745036458955,0
-1.0420467951202248,1,0,0.56909890013256,121.0,-0.9676117254500274,0.9742733278820755,-0.750833633112614,0
0.6408363839414349,0,0,0.7768384868318644,187.0,-0.9693091599195812,0.9656541572917677,0.28842043526664074,0
-0.3160971884661755,1,0,0.7768384868318644,150.0,-0.9700306570051772,0.9655174282412369,-0.750833633112614,0
-1.2723540108518376,0,0,-8.335655071619298e-17,417.0,1.030912595080067,-1.0327766360138357,-0.750833633112614,1
-1.7689789745668805,0,0,-1.0928177934618744,327.0,1.0304479286777013,-1.028790403836983,-1.7900877014918688,1
0.04584805333006688,1,0,1.815536420328386,870.0,1.0299220887989988,-1.025971223134475,0.28842043526664074,1
-0.6460742823998343,0,0,-8.335655071619298e-17,140.0,-0.9687931104024041,0.9702950566855607,-0.750833633112614,0
0.2778615806144103,1,0,-0.4695990333639614,196.0,-0.9682628388494237,0.9730088986449208,0.28842043526664074,0
-0.6790719917932002,1,0,0.7768384868318644,138.0,-0.9706071097514941,0.9610932598755356,-0.750833633112614,0
1.698199012851105,0,0,-0.054119859965352825,1076.0,1.0304655568140906,-1.0263007452970003,1.3276745036458955,1
-1.042435046168947,0,0,-8.335655071619298e-17,630.0,1.0304187582268265,-1.03044429533886,-0.750833633112614,1
0.4098524181878738,1,1,0.56909890013256,213.0,-0.9683406117806528,0.9746178403887671,0.28842043526664074,0
-0.3158911177710142,0,0,-0.4695990333639614,665.0,1.0302183066009167,-1.0297610897243534,-0.750833633112614,1
-1.7689789745668805,0,0,-0.054119859965352825,306.0,1.0299563494504516,-1.03156371936104,-1.7900877014918688,1
3.313650844804071,1,0,1.815536420328386,341.0,-0.9699279360959376,0.9778700967036152,2.36692857202515,0
-1.471617113577009,0,0,-1.5082969668604829,403.0,1.0304209534958046,-1.0281986779810617,-8.305740878040387e-17,1
-0.18407091135282344,0,0,-0.054119859965352825,664.0,1.0297843184119693,-1.0295145783878037,-0.750833633112614,1
2.026216735798695,0,0,-8.335655071619298e-17,1263.0,1.0303472445902853,-1.0286664283826823,2.36692857202515,1
-1.0420467951202248,1,0,1.4000572469297774,111.0,-0.969338852492248,0.965141939787882,-0.750833633112614,0
-0.3833340140779951,1,0,1.4000572469297774,757.0,1.0302793395063572,-1.0265508193359763,-0.750833633112614,1
0.7398295121215326,1,0,-0.88507820676257,226.0,-0.9705269714644085,0.973442568827033,1.3276745036458955,0
0.015192191372347797,0,0,-1.5082969668604829,744.0,1.0298327304353272,-1.0316216489551722,0.28842043526664074,1
-0.052115513319248484,0,1,-8.335655071619298e-17,180.0,-0.9675402905917214,0.9701763806697568,0.28842043526664074,0
0.7080146716167909,0,0,-8.335655071619298e-17,846.0,1.0296256695433192,-1.0337871156357719,1.3276745036458955,1
-1.7679964017742742,1,1,-0.054119859965352825,89.0,-0.9674756239338766,0.9697576920833547,-1.7900877014918688,0
0.4428501275812397,1,0,0.15361972673395147,197.0,-0.9689072357496676,0.9578630626236952,0.28842043526664074,0
-0.15034946319933318,0,0,-0.4695990333639614,716.0,1.0302442412471535,-1.0311583713231784,-0.750833633112614,1
-0.5151542204961854,0,1,-1.0928177934618744,673.0,1.0306499978636245,-1.025822031403302,-0.750833633112614,1
-0.08597215308812386,1,0,1.192317660230473,843.0,1.029543010169562,-1.0278768915512468,0.28842043526664074,1
-0.5470811542197367,1,0,-0.4695990333639614,156.0,-0.9707936762078629,0.9628435160158515,-8.305740878040387e-17,0
-0.5470811542197367,0,0,0.15361972673395147,323.0,-0.9692229426321878,0.9691634996531193,-0.750833633112614,0
-1.537012436020713,1,0,-0.4695990333639614,99.0,-0.9697013164463776,0.9681823175080766,-1.7900877014918688,0
0.17886845243431265,0,1,-0.6773386200632657,208.0,-0.969027276600554,0.9701727223405585,-8.305740878040387e-17,0
1.2347951530220207,1,1,0.56909890013256,277.0,-0.9687267057673629,0.9629450486752337,1.3276745036458955,0
-0.6469744269143761,0,0,-1.7160365535597872,600.0,1.0295579523499185,-1.029434267349717,-0.750833633112614,1
0.7728272215148985,1,1,-8.335655071619298e-17,244.0,-0.9681740332907526,0.9598022948648732,-8.305740878040387e-17,0
2.488708109969924,1,0,-8.335655071619298e-17,356.0,-0.96894820181788,0.967011820919437,2.36692857202515,0
-1.0761564943224378,0,0,-8.335655071619298e-17,465.0,1.0305163823723027,-1.0358088252221844,-0.750833633112614,1
-0.3496125659245044,0,0,0.15361972673395147,635.0,1.0306249662166567,-1.0308385381407912,-0.750833633112614,1
1.860675081227014,0,0,0.7768384868318644,1109.0,1.0302172227248638,-1.028472765167892,-8.305740878040387e-17,1
0.2778615806144103,0,0,-0.2618594466646571,179.0,-0.969861281039861,0.9686275280372365,0.28842043526664074,0
0.07956950148355713,1,0,0.7768384868318644,887.0,1.0296996614008573,-1.0351898582953043,0.28842043526664074,1
0.5748409651547032,1,1,0.7768384868318644,219.0,-0.9705908851850429,0.9781193415990758,0.28842043526664074,0
-1.799634836524599,0,0,-1.0928177934618744,315.0,1.0309228539364474,-1.0313180390111476,-8.305740878040387e-17,1
2.059737887856168,1,0,0.7768384868318644,283.0,-0.9671477623963035,0.9664797246639979,2.36692857202515,0
0.3108592900077762,1,0,-0.2618594466646571,209.0,-0.9683013023598405,0.9663316226614866,0.28842043526664074,0
-0.8110628293666636,0,0,-1.0928177934618744,140.0,-0.9687811151114086,0.9700039285028548,-0.750833633112614,0
1.00231094641089,0,0,0.7768384868318644,913.0,1.0298794890583753,-1.0286534223326818,1.3276745036458955,1
-1.6678146301064085,1,0,1.6077968336290815,409.0,1.0308599819047628,-1.0351086421601876,-1.7900877014918688,1
0.04584805333006688,0,1,0.9845780735311687,805.0,1.0301948556601734,-1.0327223984769105,-8.305740878040387e-17,1
1.8287539221026066,1,0,1.192317660230473,368.0,-0.9690898007588018,0.968481388447851,1.3276745036458955,0
-0.25151380765980486,0,0,-0.88507820676257,690.0,1.0303713346773757,-1.0294658325318113,-0.750833633112614,1
0.6408363839414349,1,0,-0.6773386200632657,224.0,-0.9697460278520094,0.9622231617024063,0.28842043526664074,0
3.049669169657144,1,0,-0.6773386200632657,366.0,-0.9682703776959395,0.9613470159493596,2.36692857202515,0
1.1034752908713616,0,0,-0.054119859965352825,931.0,1.0309909936371047,-1.027631846893914,1.3276745036458955,1
0.37693136247342884,0,0,-8.335655071619298e-17,779.0,1.0299311630615622,-1.0368340177150948,0.28842043526664074,1
-1.799634836524599,0,1,-1.9237761402590916,374.0,1.0301768419540436,-1.0256852862539478,-1.7900877014918688,1
-1.3735183553123091,0,0,0.3613593134332558,392.0,1.0296285713454962,-1.0353004972345394,-0.750833633112614,1
-1.4378956654235184,1,1,0.56909890013256,528.0,1.0303966235025068,-1.036845066428265,-0.750833633112614,1
-0.6132529787608855,0,0,0.3613593134332558,564.0,1.0301884381408832,-1.032041275064763,-0.750833633112614,1
-0.2821696696175235,0,0,-0.4695990333639614,646.0,1.030208666742289,-1.0288671163110639,-0.750833633112614,1
-0.4810857354330049,1,0,1.192317660230473,139.0,-0.9679525289484169,0.9703863913357139,-0.750833633112614,0
0.21186616182767853,0,0,-0.6773386200632657,165.0,-0.9682774914925936,0.9753332593975742,0.28842043526664074,0
0.7728272215148985,1,0,-0.2618594466646571,224.0,-0.9696145931038602,0.96451091828164,1.3276745036458955,0
0.5087515688916191,0,0,-8.335655071619298e-17,862.0,1.030401366227019,-1.0288958493327387,0.28842043526664074,1
-0.5795315306073947,1,0,1.815536420328386,694.0,1.0297465298013162,-1.0283280145944405,-0.750833633112614,1
-0.44771132418920445,0,0,-1.7160365535597872,649.0,1.029723426051312,-1.029496895914718,-0.750833633112614,1
