area,area_units,is_house,has_pool,age,price,lat,lon,rooms
0.14734481725888324,sqft,0.0,0.0,0.631578947368421,509.0,0.9995364458457616,0.0038212542502328983,0.25
0.13705583756345177,m2,1.0,1.0,0.6842105263157895,137.0,0.0011288295807800098,0.9958819747085773,0.25
0.5076142131979695,m2,1.0,0.0,0.3684210526315789,267.0,0.0020292181531141322,0.9962558127700051,0.75
0.4109629746192893,sqft,0.0,0.0,0.5263157894736842,1245.0,0.9993344468626449,0.0031907821540535734,0.5
0.4467005076142132,m2,0.0,0.0,0.42105263157894735,247.0,0.0010244196439066432,0.9938451092013002,0.5
0.18781725888324874,m2,1.0,0.0,0.8947368421052632,131.0,0.00026179741089060987,0.9959825322705517,0.25
0.4618945685279188,sqft,0.0,1.0,0.5263157894736842,1090.0,0.9994673114805236,0.005118263934032197,0.75
0.538291959390863,sqft,1.0,0.0,0.7368421052631579,1385.0,0.9992108686205782,0.0026974736171309468,0.75
0.30438389847715736,sqft,0.0,0.0,0.3157894736842105,772.0,0.9992377295570641,0.0036500120751238904,0.5
0.4263959390862944,m2,1.0,1.0,0.8421052631578947,253.0,0.001837487339859651,0.994928256839255,0.75
0.2133672538071066,sqft,0.0,0.0,0.05263157894736842,654.0,0.9995073446048499,0.0022257129582343173,0.25
0.116751269035533,m2,1.0,0.0,0.8421052631578947,111.0,0.001032540986746059,0.9926739637814875,0.25
0.7868020304568528,m2,1.0,0.0,0.9473684210526315,341.0,0.0007384636670777365,0.9989851485883532,1.0
0.3807812893401015,sqft,1.0,0.0,0.47368421052631576,1086.0,0.9991275993606672,0.004698491275677983,0.75
0.1218274111675127,m2,1.0,0.0,0.5263157894736842,131.0,0.001450127471392117,0.9947894223652616,0.25
0.1879014568527919,sqft,0.0,0.0,0.631578947368421,572.0,0.9991975880701242,0.004247335031149764,0.25
0.38071065989847713,m2,0.0,0.0,0.5263157894736842,193.0,0.0006903997300593181,0.9977367356850855,0.75
0.08629441624365482,m2,0.0,0.0,0.2631578947368421,95.0,0.0012185552658413828,0.9958397384083023,0.5
0.050761421319796954,m2,0.0,0.0,0.21052631578947367,97.0,0.0007784493264989219,0.9954824888254278,0.25
0.26903553299492383,m2,1.0,0.0,0.8421052631578947,170.0,0.0019354254771199238,0.9923980652408861,0.5
0.3197969543147208,m2,1.0,0.0,0.7368421052631579,190.0,0.0014913443548918521,0.989582939877082,0.5
0.2638272588832487,sqft,0.0,1.0,0.5789473684210527,753.0,0.9996080784928462,0.0061733356234877,0.5
0.29441624365482233,m2,0.0,0.0,0.47368421052631576,191.0,0.0012152577789157097,0.9944404929156615,0.5
0.23857868020304568,m2,0.0,0.0,0.6842105263157895,144.0,0.0011701755676033205,0.9928934971098916,0.25
0.19796954314720813,m2,1.0,0.0,0.7894736842105263,147.0,0.0002994309073945059,0.9915010456917089,0.25
0.2233502538071066,m2,0.0,0.0,0.15789473684210525,155.0,0.001402555554306491,0.9995876510496046,0.25
0.2638272588832487,sqft,1.0,0.0,0.7368421052631579,833.0,0.9987950564254208,0.0010648960765238548,0.5
0.30438389847715736,sqft,0.0,0.0,0.2631578947368421,766.0,0.9990797910102203,0.0030262808529216817,0.5
0.3298496954314721,sqft,0.0,0.0,0.5263157894736842,1232.0,0.9993139874063579,0.003256224539482596,0.5
0.25888324873096447,m2,0.0,0.0,0.10526315789473684,168.0,0.0004517221323774911,0.9905076573312289,0.25
0.2182741116751269,m2,0.0,0.0,0.3684210526315789,139.0,0.0010193030604629726,0.9923874517774545,0.25
0.2233502538071066,m2,1.0,1.0,0.5263157894736842,170.0,0.0018494178226745662,0.9976929500305521,0.25
0.23836146192893398,sqft,0.0,0.0,0.2631578947368421,690.0,0.9993108978669218,0.0036589515011429996,0.25
0.22845809644670048,sqft,0.0,0.0,0.3157894736842105,630.0,0.9989603051227606,0.005935647647143963,0.25
0.28426395939086296,m2,0.0,0.0,0.10526315789473684,172.0,0.0015277297211774203,0.9936023783806195,0.5
0.36050296954314726,sqft,1.0,0.0,0.8947368421052632,1029.0,0.9992384135114203,0.0023386420113150944,0.5
0.22845809644670048,sqft,0.0,0.0,0.15789473684210525,639.0,0.9996728416950784,0.0011578204039690188,0.25
0.1879014568527919,sqft,1.0,0.0,0.5263157894736842,728.0,0.9994153749596812,0.006568909006822165,0.25
0.14215734010152287,sqft,0.0,0.0,0.6842105263157895,821.0,0.9993084253920077,0.003215427550550884,0.25
0.3197969543147208,m2,0.0,0.0,0.5263157894736842,219.0,0.0010299553146956128,0.9951235430469205,0.5
0.18781725888324874,m2,1.0,0.0,0.8947368421052632,127.0,0.0018199116164007664,0.9943136582455054,0.25
0.13705583756345177,m2,0.0,0.0,0.5263157894736842,119.0,0.0012828510191239726,0.9993482582927377,0.25
0.26903553299492383,m2,1.0,0.0,0.5789473684210527,176.0,0.0008450050741348272,0.9916919858311076,0.5
0.5025380710659898,m2,0.0,1.0,0.3157894736842105,257.0,0.000796136991701071,0.9976917921034175,0.75
0.25911137055837563,sqft,0.0,0.0,0.21052631578947367,697.0,0.998861306894154,0.002180268249488405,0.25
0.3756345177664975,m2,0.0,0.0,0.6842105263157895,187.0,0.0010473638610023405,0.9929279439413596,0.5
0.3807812893401015,sqft,0.0,0.0,0.6842105263157895,836.0,0.9993584178073802,0.002059792633489793,0.75
0.4365482233502538,m2,0.0,1.0,0.21052631578947367,249.0,0.0007206070624442431,0.9956276173323699,0.5
0.06091370558375635,m2,1.0,1.0,0.2631578947368421,378.0,0.0010974756633384446,0.9945617985043724,0.25
0.2638272588832487,sqft,1.0,0.0,0.5263157894736842,863.0,0.999238691442825,0.00549737146943953,0.5
0.2336455736040609,sqft,0.0,0.0,0.15789473684210525,657.0,0.9994925125317196,0.005303507724597868,0.25
0.25888324873096447,m2,0.0,0.0,0.21052631578947367,156.0,0.0016590213464330824,0.9991728181243789,0.25
0.1218790203045685,sqft,0.0,1.0,0.42105263157894735,535.0,0.9995569025294355,0.0037933612533244533,0.25
0.25888324873096447,m2,0.0,0.0,0.10526315789473684,179.0,0.0008713387378871983,0.9968029990586116,0.25
0.4972637309644671,sqft,0.0,0.0,0.6842105263157895,989.0,0.9989138706317955,0.005346437918893921,0.75
0.20299229949238576,sqft,0.0,0.0,0.5789473684210527,590.0,0.9994956651085665,0.002659077252095375,0.25
0.3756345177664975,m2,1.0,1.0,0.5263157894736842,237.0,0.00037848441590953067,0.9922540986053349,0.5
0.23857868020304568,m2,0.0,0.0,0.10526315789473684,183.0,0.0012348902029257704,0.9936570091645112,0.25
0.16243565989847716,sqft,0.0,0.0,0.5263157894736842,642.0,0.9992992909359505,0.0033639046520667145,0.25
0.3553299492385787,m2,1.0,0.0,0.2631578947368421,226.0,0.001933148989960628,0.994352775790772,0.5
0.31475885279187815,sqft,0.0,0.0,0.42105263157894735,759.0,0.9993146345370123,0.005621577674021205,0.5
0.3350253807106599,m2,0.0,0.0,0.7368421052631579,170.0,0.0012278281848607986,0.9957196921971847,0.5
0.2133672538071066,sqft,0.0,0.0,0.15789473684210525,678.0,0.9993730078774121,0.003523222767488704,0.25
0.3299492385786802,m2,1.0,0.0,0.2631578947368421,210.0,0.0018119340616829817,0.9935176118092106,0.5
0.0,m2,0.0,0.0,0.15789473684210525,67.0,0.00117273070043602,0.9968800119688485,0.0
0.27420221319796956,sqft,0.0,0.0,0.42105263157894735,689.0,0.9994099117207507,0.006565381564351359,0.5
0.3197969543147208,m2,1.0,0.0,0.3684210526315789,196.0,0.001569699390114369,0.9965747509530699,0.5
0.3197969543147208,m2,0.0,0.0,0.42105263157894735,179.0,0.0007717386387635787,0.9944022730526534,0.5
0.17766497461928935,m2,1.0,0.0,0.8421052631578947,125.0,0.001957576966190774,0.9923155944670982,0.25
0.28426395939086296,m2,0.0,0.0,0.21052631578947367,166.0,0.0014093336639599448,0.9998082956258111,0.5
0.4619289340101523,m2,1.0,0.0,0.5789473684210527,238.0,0.0015711375813511816,0.9898659354504336,0.75
0.6598984771573604,m2,1.0,0.0,0.5263157894736842,356.0,0.001227558302667332,0.9936011337925303,1.0
0.20304568527918782,m2,1.0,0.0,0.7368421052631579,140.0,0.0016043640490487118,0.9927114346284479,0.25
0.48223350253807107,m2,0.0,0.0,0.7368421052631579,299.0,0.001123818423726276,0.9942267152849961,0.75
0.02520330964467005,sqft,1.0,0.0,0.7368421052631579,404.0,0.9998700230096568,0.0015194896694250572,0.0
0.00020910152284263865,sqft,0.0,1.0,0.15789473684210525,389.0,0.9993185137432434,0.003443078507886419,0.5
0.2996680101522843,sqft,0.0,0.0,0.15789473684210525,792.0,0.9992209825623488,0.002971113951531547,0.5
0.3807812893401015,sqft,1.0,0.0,0.5263157894736842,1065.0,1.0,0.00417364746793438,0.75
0.29441624365482233,m2,0.0,0.0,0.5263157894736842,232.0,0.0012548673961978974,0.9940513625449714,0.5
0.14734481725888324,sqft,0.0,0.0,0.05263157894736842,566.0,0.9993600234635006,0.0038896061593102133,0.25
0.17752650253807103,sqft,0.0,0.0,0.0,619.0,0.9991846045725125,0.0019174488121500603,0.25
0.11150406598984772,sqft,0.0,0.0,0.15789473684210525,470.0,0.9987158008727572,0.0037026580655830942,0.25
0.13696986294416244,sqft,0.0,0.0,0.5263157894736842,480.0,0.9990745284550759,0.005960346628724709,0.25
0.28426395939086296,m2,0.0,0.0,0.21052631578947367,169.0,0.0008837089118696254,0.9911226910399633,0.5
0.3401015228426396,m2,1.0,1.0,0.631578947368421,213.0,0.001530874247103502,0.997372535640682,0.5
0.34517766497461927,m2,1.0,0.0,0.7368421052631579,189.0,0.001746086584090637,0.9937988722597068,0.5
0.467005076142132,m2,1.0,0.0,0.47368421052631576,246.0,0.001168576244964166,0.9894516511355611,0.75
0.5939394416243654,sqft,0.0,0.0,0.47368421052631576,1909.0,0.9993143213288536,0.0031860868242434633,1.0
0.08629441624365482,m2,1.0,0.0,0.7894736842105263,96.0,0.000836929868680733,0.9925126781438642,0.25
0.20817977664974618,sqft,0.0,0.0,0.5263157894736842,618.0,0.9992683049928343,0.004081139938906058,0.25
0.16243565989847716,sqft,1.0,1.0,0.47368421052631576,751.0,0.999492026311573,0.0007880180350789556,0.25
0.09641322335025382,sqft,1.0,0.0,0.8947368421052632,546.0,0.9988669837215777,0.0030776229927300613,0.25
0.05583756345177665,m2,1.0,1.0,0.5263157894736842,113.0,0.0007625647624708562,0.9934144746165098,0.25
0.25888324873096447,m2,1.0,1.0,0.3684210526315789,217.0,0.0009214565044024007,0.9945201514884705,0.25
0.29949238578680204,m2,1.0,0.0,0.7368421052631579,185.0,0.0012313124969657047,0.9924983672828777,0.5
0.5380710659898477,m2,1.0,0.0,0.7894736842105263,250.0,0.002028763528267373,0.996278487643499,0.75
0.3299492385786802,m2,1.0,0.0,0.7894736842105263,189.0,0.0013021857296788152,0.9990981115740163,0.5
0.39068465482233505,sqft,0.0,0.0,0.3684210526315789,877.0,0.9992057606831238,0.002167184172954506,0.75
0.4619289340101523,m2,0.0,0.0,0.5263157894736842,255.0,0.0010238878659690647,0.988907272861171,0.75
0.02030456852791878,m2,1.0,0.0,0.2631578947368421,89.0,0.0009322387357237541,0.9907879280175936,0.0
0.17766497461928935,m2,1.0,0.0,0.5789473684210527,136.0,6.514047740585849e-05,0.993104563578225,0.25
0.0,m2,1.0,0.0,0.7368421052631579,80.0,0.0012278179248586766,0.996428863538785,0.0
0.29949238578680204,m2,0.0,0.0,0.10526315789473684,245.0,0.0011867098924193131,0.994661815904486,0.5
0.3401015228426396,m2,1.0,0.0,0.5789473684210527,195.0,0.0008342341136343498,0.9917799184797284,0.5
0.31475885279187815,sqft,0.0,0.0,0.15789473684210525,851.0,0.9993440732129137,0.0029124030941376855,0.5
0.2233502538071066,m2,1.0,0.0,0.6842105263157895,150.0,0.0020410867904440905,0.9972327869525551,0.25
0.2944805329949238,sqft,0.0,0.0,0.5263157894736842,721.0,0.9991186394760603,0.003906299139666716,0.5
0.45199120304568535,sqft,0.0,0.0,0.0,1051.0,0.999520053063567,0.004978140128208565,0.75
0.04548162944162438,sqft,0.0,0.0,0.47368421052631576,413.0,0.999328205560534,0.0029553586413694844,0.0
0.3604060913705584,m2,0.0,0.0,0.05263157894736842,218.0,0.0008490053812725393,0.9954736161654073,0.5
0.19289340101522842,m2,0.0,0.0,0.5263157894736842,323.0,0.0010904045238673932,0.9946680315549618,0.25
0.2131979695431472,m2,1.0,0.0,0.5263157894736842,188.0,0.0012202776154673625,0.9949044972197876,0.25
0.08132238071065988,sqft,0.0,0.0,0.10526315789473684,435.0,0.9994576582740368,0.005875814866884215,0.25
0.2233502538071066,m2,0.0,0.0,0.10526315789473684,177.0,0.0011663726528659108,0.9952353759199776,0.5
0.29949238578680204,m2,1.0,0.0,0.47368421052631576,187.0,0.00047436876352658296,0.9916660694196106,0.5
0.18274111675126903,m2,1.0,0.0,0.8421052631578947,143.0,0.00034690616653870217,0.9933776131970165,0.25
0.18781725888324874,m2,1.0,0.0,0.5789473684210527,147.0,0.0007397317446995442,0.9932932989428989,0.25
0.40609137055837563,m2,0.0,0.0,0.3684210526315789,197.0,0.0007054075982676008,0.9958458214175666,0.75
0.14215734010152287,sqft,0.0,0.0,0.47368421052631576,497.0,0.9995855069991686,0.002120461816333546,0.25
0.116751269035533,m2,0.0,0.0,0.631578947368421,99.0,0.0011580013870441136,0.9906883043202902,0.25
0.28426395939086296,m2,1.0,0.0,0.5263157894736842,167.0,0.0021215497059892813,0.9971405583645117,0.5
0.00020910152284263865,sqft,0.0,0.0,0.2631578947368421,301.0,0.999401481135091,0.005801187504264029,0.0
0.2841055786802031,sqft,1.0,0.0,0.9473684210526315,870.0,0.9990866291502954,0.005391733857647118,0.5
0.5939086294416244,m2,1.0,0.0,0.6842105263157895,283.0,0.002126358398283986,0.993337296865837,1.0
0.025380710659898477,m2,1.0,0.0,0.47368421052631576,79.0,0.0012876941601786482,0.9963602488329504,0.0
0.17281061421319793,sqft,0.0,1.0,0.21052631578947367,627.0,0.9995409692671262,0.005173444121084631,0.25
0.23857868020304568,m2,1.0,0.0,1.0,170.0,0.0011747510313603415,0.9953568155239786,0.25
0.11669154314720812,sqft,0.0,1.0,0.47368421052631576,526.0,0.9992172415772343,0.005054377800887364,0.25
0.4416243654822335,m2,1.0,1.0,0.7894736842105263,247.0,0.0003810145620167762,0.9915903617598038,0.75
0.18781725888324874,m2,1.0,0.0,0.631578947368421,144.0,0.0019941426758937736,0.992322622370391,0.25
0.2639593908629442,m2,1.0,0.0,0.5789473684210527,176.0,0.0014544210360400596,0.990107666683704,0.5
0.5533828020304569,sqft,0.0,0.0,0.0,1208.0,0.9993438689530626,0.0008694479047576207,0.75
0.13178238578680201,sqft,0.0,0.0,0.3157894736842105,493.0,0.9992260981259926,0.0021959480332172797,0.25
0.0709474263959391,sqft,0.0,0.0,0.42105263157894735,397.0,0.9992190935447475,0.0020162105756338163,0.25
0.28929305583756343,sqft,0.0,0.0,0.6842105263157895,872.0,0.9993257185577726,0.003048849068693869,0.5
0.13705583756345177,m2,1.0,0.0,0.42105263157894735,127.0,0.00047316655097410506,0.9970555467591999,0.5
0.4972637309644671,sqft,0.0,0.0,0.05263157894736842,1095.0,0.9988886173490017,0.002899251566579581,0.75
0.1218274111675127,m2,1.0,0.0,0.42105263157894735,124.0,0.0005160774400217456,0.9972689349760563,0.25
0.0865098578680203,sqft,0.0,0.0,0.6842105263157895,412.0,0.9996863228941933,0.0005533011345950547,0.25
0.13696986294416244,sqft,0.0,0.0,0.7368421052631579,502.0,0.999199380634751,0.0038456769139507034,0.25
0.00020910152284263865,sqft,0.0,0.0,0.10526315789473684,423.0,0.9993013570530574,0.0032656983628857,0.0
0.31994632994923855,sqft,1.0,0.0,0.5263157894736842,967.0,0.999416930575868,0.0045336714757438805,0.5
0.4010152284263959,m2,1.0,0.0,0.5263157894736842,229.0,0.0013781867223476262,0.9950238519642447,0.75
0.29441624365482233,m2,0.0,1.0,0.42105263157894735,195.0,0.0010393513058947464,0.993350437132435,0.5
0.37055837563451777,m2,1.0,0.0,0.8421052631578947,189.0,0.0002761455972980106,0.9958774220252654,0.5
0.5482233502538071,m2,0.0,0.0,0.10526315789473684,263.0,0.0004500974867490839,0.9913162876691436,0.75
0.28426395939086296,m2,0.0,1.0,0.5263157894736842,282.0,0.0011675415634488338,0.9947745325213536,0.5
0.4416243654822335,m2,0.0,0.0,0.5263157894736842,247.0,0.0015486240979856608,0.9910061047691833,0.5
0.29441624365482233,m2,1.0,0.0,0.5263157894736842,164.0,0.0009961260637385767,0.9896026110416088,0.5
0.5279187817258884,m2,1.0,1.0,0.5263157894736842,283.0,0.0006905773077460599,0.9989480521826479,0.75
0.43642877157360405,sqft,0.0,1.0,0.5789473684210527,1061.0,0.9995349313553304,0.0032629702464449665,0.75
0.13705583756345177,m2,0.0,0.0,0.3157894736842105,133.0,0.0010652246653549793,0.9956220454012866,0.25
0.4161504517766498,sqft,0.0,1.0,0.5789473684210527,1003.0,0.9994709620513289,0.0008838773758514428,0.75
0.24873096446700507,m2,1.0,0.0,1.0,162.0,0.0005656602397115032,0.9956986168035404,0.5
0.39086294416243655,m2,1.0,0.0,0.8947368421052632,199.0,0.0009073272579801612,0.9919145772256343,0.75
0.1879014568527919,sqft,1.0,0.0,0.9473684210526315,694.0,0.9989989880766705,0.004223132106933471,0.25
0.3248730964467005,m2,1.0,0.0,0.5789473684210527,186.0,0.0016552714298218882,0.992670232146502,0.5
0.25911137055837563,sqft,1.0,0.0,0.42105263157894735,843.0,0.9992707937796791,0.0004425775471441562,0.25
0.16751269035532995,m2,1.0,1.0,0.5789473684210527,139.0,0.0009214710519952214,0.9991580273743925,0.25
0.26903553299492383,m2,0.0,0.0,0.5789473684210527,157.0,0.0011310175614578117,0.992960622078894,0.5
0.45685279187817257,m2,1.0,0.0,0.5263157894736842,229.0,0.002203370357659597,0.9962352009989671,0.75
0.5076142131979695,m2,1.0,0.0,0.631578947368421,250.0,0.001741824024565684,0.9963734426189624,0.75
0.26903553299492383,m2,0.0,0.0,0.3684210526315789,563.0,0.001085471049909831,0.9946130840391342,0.5
0.0865098578680203,sqft,0.0,0.0,0.2631578947368421,431.0,0.9996945453688776,0.0006702963433198064,0.25
0.14734481725888324,sqft,0.0,0.0,0.5789473684210527,511.0,0.9989327546628122,0.0020761905232837257,0.25
0.06091370558375635,m2,0.0,1.0,0.3684210526315789,104.0,0.001311109587611446,0.9952732609551598,0.5
0.24873096446700507,m2,1.0,0.0,0.5263157894736842,167.0,0.0018064015050738341,0.9964233004997469,0.25
0.49238578680203043,m2,0.0,0.0,0.47368421052631576,214.0,0.0018022196164531189,0.9939500867756973,0.75
0.25380710659898476,m2,1.0,1.0,0.42105263157894735,200.0,0.0005805394098410139,0.9953444038889661,0.25
0.27420221319796956,sqft,0.0,0.0,0.21052631578947367,1169.0,0.9993026998956703,0.0031784343441179997,0.5
0.2996680101522843,sqft,1.0,0.0,0.7894736842105263,914.0,0.9992713626689422,0.005858345894536282,0.5
0.29441624365482233,m2,1.0,1.0,0.3157894736842105,207.0,0.0005874257522978511,0.9900557735281936,0.5
0.44680372588832484,sqft,0.0,0.0,0.47368421052631576,931.0,0.9996202387564734,0.004568322934142757,0.75
0.4769854111675127,sqft,0.0,0.0,0.7368421052631579,967.0,0.9990050949338853,0.003389767500786125,0.75
0.29949238578680204,m2,1.0,0.0,0.3684210526315789,196.0,0.0017986954134897404,0.9932489721424821,0.5
0.31475885279187815,sqft,0.0,0.0,0.10526315789473684,785.0,0.9988656563614582,0.005186353600845833,0.5
0.27420221319796956,sqft,0.0,0.0,0.5263157894736842,686.0,0.9992484071083207,0.0015848231771408976,0.5
0.29441624365482233,m2,0.0,0.0,0.42105263157894735,162.0,0.00026755509502676136,0.9964391572560366,0.5
0.17258883248730963,m2,1.0,0.0,0.5263157894736842,136.0,0.0008638567931285547,0.9979102485186327,0.25
0.22842639593908629,m2,0.0,0.0,0.5263157894736842,149.0,0.001356823977561396,0.994510470956992,0.25
0.1067881776649746,sqft,0.0,0.0,0.631578947368421,482.0,0.9993806245765652,0.0030134167677689223,0.25
0.2232706192893401,sqft,0.0,0.0,0.2631578947368421,627.0,0.9987227027362914,0.0015526825590945598,0.25
0.04076574111675126,sqft,1.0,1.0,0.3684210526315789,499.0,0.9988058305843311,0.0038193860111336003,0.0
0.3756345177664975,m2,0.0,0.0,0.15789473684210525,196.0,0.0006037499685048448,0.9976290005315628,0.5
0.29441624365482233,m2,0.0,0.0,0.5263157894736842,165.0,0.0012341827199894965,0.994000820303461,0.5
0.27420221319796956,sqft,0.0,0.0,0.10526315789473684,748.0,0.9993736518722901,0.0020886555895690264,0.5
0.2435489390862944,sqft,0.0,0.0,0.21052631578947367,671.0,0.9988785580811446,0.004079710639797573,0.25
0.02030456852791878,m2,0.0,0.0,0.47368421052631576,69.0,0.0013580696104267783,0.9928930542528784,0.0
0.19796954314720813,m2,0.0,0.0,0.10526315789473684,160.0,0.0011379331754023136,0.9957888332142508,0.5
0.17766497461928935,m2,1.0,0.0,0.3684210526315789,140.0,0.0006884007463160295,0.9937429820140228,0.25
0.649746192893401,m2,0.0,0.0,0.05263157894736842,361.0,0.001254439121844066,0.9949650495469293,1.0
0.2841055786802031,sqft,0.0,0.0,0.6842105263157895,745.0,0.9992407761242466,0.003000284676606884,0.5
0.4365482233502538,m2,0.0,0.0,0.5263157894736842,235.0,0.0012684413601720492,0.9943753980737361,0.75
0.15724818274111674,sqft,0.0,0.0,0.3157894736842105,615.0,0.9992967796564919,0.0033887349825949074,0.5
0.29949238578680204,m2,1.0,1.0,0.631578947368421,197.0,0.0015087559691278514,0.991497660696858,0.5
0.17752650253807103,sqft,0.0,0.0,0.5263157894736842,552.0,0.9988331140950429,0.00550842673577651,0.25
0.18271397969543146,sqft,0.0,0.0,0.5789473684210527,564.0,0.9992195938094138,0.0023819328493043888,0.25
0.3859687664974619,sqft,0.0,0.0,0.5263157894736842,855.0,0.9990852783543188,0.0027020503334295107,0.5
0.17766497461928935,m2,0.0,0.0,0.47368421052631576,120.0,0.0007694063918185727,0.9979490285917015,0.25
0.2131979695431472,m2,0.0,1.0,0.5263157894736842,171.0,0.001016448035377326,0.9941557148081596,0.25
0.3401015228426396,m2,1.0,0.0,0.5263157894736842,185.0,0.0005073583109733413,0.9955354818723509,0.5
0.4873096446700508,m2,1.0,0.0,0.8421052631578947,243.0,0.0013843712824976075,0.9997181096623234,0.75
0.4161504517766498,sqft,0.0,0.0,0.15789473684210525,1220.0,0.999291245763689,0.0032385685888604698,0.75
0.16243654822335024,m2,1.0,0.0,0.6842105263157895,135.0,8.366511721481386e-05,0.9940838382767143,0.25
0.3454121269035533,sqft,0.0,0.0,0.10526315789473684,828.0,0.9999007841561927,0.002797847507282258,0.5
0.4925478426395939,sqft,0.0,0.0,0.10526315789473684,1116.0,0.9994176395863967,0.003088754532426182,0.75
0.47715736040609136,m2,1.0,0.0,0.3157894736842105,268.0,0.0015724554173060972,0.9914081281204952,0.75
0.538291959390863,sqft,1.0,1.0,0.9473684210526315,1472.0,0.9989945182046636,0.000575052244911317,0.75
0.1319796954314721,m2,0.0,0.0,0.5263157894736842,128.0,0.0009035780343130932,0.9973394367578717,0.25
0.49746192893401014,m2,0.0,1.0,0.2631578947368421,255.0,0.0017219732362690487,0.9976364612578668,0.75
0.2639593908629442,m2,0.0,1.0,0.47368421052631576,164.0,0.0015818171990943503,0.9965535281427793,0.5
0.30456852791878175,m2,1.0,0.0,0.5263157894736842,180.0,0.0005646103326899019,0.9940394537191611,0.5
0.1978048223350254,sqft,0.0,0.0,0.5263157894736842,603.0,0.9992114923353451,0.002252215554049087,0.25
0.14213197969543148,m2,1.0,0.0,0.9473684210526315,118.0,0.0011997549181792823,0.9968440393875613,0.25
0.2996680101522843,sqft,0.0,0.0,0.5263157894736842,730.0,0.9989731307114421,0.006129345920784442,0.5
0.2336455736040609,sqft,0.0,0.0,0.42105263157894735,725.0,0.9993614466976192,0.0032498681642024628,0.25
0.5786802030456852,m2,1.0,0.0,0.7894736842105263,273.0,0.0016259243456433758,0.9967357241703787,0.75
0.37559381218274107,sqft,0.0,0.0,0.0,930.0,0.999014068294137,0.0012316190880567771,0.5
0.44680372588832484,sqft,0.0,0.0,0.3684210526315789,963.0,0.9994403171311336,0.004639440481426145,0.75
0.13178238578680201,sqft,0.0,0.0,0.6842105263157895,469.0,0.9997136906351545,0.00324414647041358,0.25
0.15736040609137056,m2,1.0,0.0,0.7368421052631579,131.0,0.001830453158058809,0.9937450484532533,0.25
0.37055837563451777,m2,1.0,1.0,0.47368421052631576,235.0,0.0010580079706068288,0.9925742132511776,0.5
0.3859687664974619,sqft,0.0,0.0,0.47368421052631576,854.0,0.9991036717134213,0.0007869722222041356,0.75
0.13696986294416244,sqft,0.0,0.0,0.5789473684210527,543.0,0.9992608163706378,0.003030512858631777,0.25
0.6396835583756345,sqft,0.0,1.0,0.5789473684210527,1367.0,0.9991953334067467,0.005599906928651582,1.0
0.4312412944162436,sqft,1.0,0.0,0.8421052631578947,1146.0,0.9997463991596917,0.0035568093036711336,0.75
0.48217288832487304,sqft,0.0,0.0,0.05263157894736842,1103.0,0.9994462785644153,0.003025691910018737,0.75
0.03553299492385787,m2,1.0,0.0,0.5263157894736842,108.0,0.0009971054860465453,0.9956126999516068,0.0
0.08121827411167512,m2,1.0,1.0,0.7894736842105263,102.0,0.0021078289167067357,0.9963032573865571,0.25
0.40609137055837563,m2,0.0,0.0,0.21052631578947367,218.0,0.0014560797898500062,0.9957354699931139,0.75
0.2133672538071066,sqft,0.0,0.0,0.05263157894736842,645.0,0.9998886673842315,0.004510378114337008,0.25
0.3401015228426396,m2,1.0,0.0,0.6842105263157895,212.0,0.0007387727864630561,0.9946849380762298,0.5
0.17766497461928935,m2,0.0,0.0,0.5263157894736842,140.0,0.0013049817235214632,0.9952291077263609,0.25
0.2435489390862944,sqft,1.0,0.0,0.5263157894736842,823.0,0.9989692972152117,0.0012925030697202027,0.25
0.26903553299492383,m2,0.0,0.0,0.5263157894736842,132.0,0.0005231066739893539,0.9919779006014492,0.5
0.17752650253807103,sqft,0.0,0.0,0.5263157894736842,598.0,0.9993782753280273,0.0033656348835814265,0.25
0.1218790203045685,sqft,0.0,0.0,0.3157894736842105,561.0,0.9993154556832825,0.0029857566026988205,0.5
0.4618945685279188,sqft,0.0,0.0,0.631578947368421,1011.0,0.9992073289927726,0.003257958400456992,0.75
0.30456852791878175,m2,1.0,0.0,0.631578947368421,179.0,0.0006718990008828032,0.9915532053179559,0.5
0.25380710659898476,m2,1.0,0.0,0.5263157894736842,169.0,0.0014060216615415589,0.992066778239978,0.25
0.5736611218274112,sqft,1.0,0.0,0.47368421052631576,1440.0,0.9990571832946815,0.004447891139685443,0.75
0.35012801522842635,sqft,0.0,0.0,0.3684210526315789,837.0,0.9992659723188712,0.0024512550956744465,0.5
0.15736040609137056,m2,1.0,0.0,0.3157894736842105,130.0,0.0014772539282887742,0.990191530622512,0.25
0.2944805329949238,sqft,0.0,0.0,0.631578947368421,964.0,0.9993116312055388,0.003295219209902572,0.5
0.29949238578680204,m2,1.0,0.0,0.3684210526315789,218.0,0.0009942081766865791,0.9951524587146543,0.5
0.24873641624365483,sqft,0.0,0.0,0.21052631578947367,689.0,0.9994645560347842,0.004101747497233003,0.25
0.2131979695431472,m2,1.0,0.0,0.8421052631578947,139.0,0.0002638317930570219,0.9981833976222202,0.25
0.16751269035532995,m2,0.0,0.0,0.05263157894736842,166.0,0.0009177585451036102,0.9941231037045275,0.25
0.2841055786802031,sqft,0.0,0.0,0.631578947368421,698.0,0.9991446159264531,0.001955212554455632,0.5
0.3096446700507614,m2,1.0,1.0,0.7894736842105263,208.0,0.0012004744415971258,0.9927268861435097,0.5
0.2133672538071066,sqft,0.0,0.0,0.3157894736842105,712.0,0.9993379470517828,0.0030156836442297224,0.25
0.30456852791878175,m2,1.0,0.0,0.7368421052631579,173.0,0.0014922229366184697,0.9968418863754247,0.5
0.43642877157360405,sqft,0.0,0.0,0.10526315789473684,980.0,0.9989911250213369,0.00537835713597907,0.75
0.6245927157360407,sqft,0.0,0.0,0.5789473684210527,1227.0,0.9992484225989985,0.003985811764449588,1.0
0.20817977664974618,sqft,0.0,0.0,0.05263157894736842,649.0,0.9989874544185736,0.0036435488979579115,0.25
0.2996680101522843,sqft,1.0,0.0,0.9473684210526315,891.0,0.9996127405316367,0.005384761935946781,0.5
0.3095713756345178,sqft,0.0,0.0,0.21052631578947367,762.0,0.998781223838786,0.005468935495623593,0.5
0.22842639593908629,m2,1.0,0.0,0.47368421052631576,152.0,0.0019835038095618305,0.9923931038494733,0.25
0.2944805329949238,sqft,0.0,0.0,0.21052631578947367,804.0,0.9992412929020883,0.0032543924299466565,0.5
0.23857868020304568,m2,0.0,1.0,0.2631578947368421,180.0,0.0008719952897854089,0.9960943536425318,0.25
0.233502538071066,m2,1.0,0.0,0.3157894736842105,167.0,0.0014674611760872932,0.9970791565997468,0.5
0.47226952284263957,sqft,0.0,0.0,0.47368421052631576,988.0,0.9990641049904591,0.0028972535170196734,0.75
0.17281061421319793,sqft,0.0,0.0,0.3157894736842105,557.0,0.9996861448964157,0.003491249924679626,0.25
0.09641322335025382,sqft,0.0,0.0,0.3684210526315789,443.0,0.9999842682573035,0.0021362406475614894,0.25
0.5128261624365483,sqft,1.0,0.0,0.5263157894736842,1278.0,0.9989222231386804,0.0019741261831322347,0.75
0.3402246497461929,sqft,1.0,0.0,0.42105263157894735,1006.0,0.9997653061662513,0.0026340510828621,0.5
0.39068465482233505,sqft,0.0,0.0,0.10526315789473684,916.0,0.9990161485443072,0.003490545923944903,0.75
0.04568527918781726,m2,1.0,0.0,0.9473684210526315,158.0,0.0011356167552470974,0.9945695428764227,0.0
0.00020910152284263865,sqft,0.0,0.0,0.2631578947368421,304.0,0.9996243572552673,0.005227181570274647,0.0
0.04548162944162438,sqft,0.0,1.0,0.3157894736842105,418.0,0.9990623683425304,0.00479171069675864,0.0
0.1319796954314721,m2,1.0,0.0,0.5263157894736842,118.0,0.0012053213400438103,0.9890424834705185,0.25
0.19796954314720813,m2,1.0,0.0,0.7894736842105263,136.0,0.00018592234612312402,0.9951141706496918,0.25
0.2133672538071066,sqft,0.0,0.0,0.5789473684210527,608.0,0.9990288216865482,0.0037847941088138635,0.25
0.25911137055837563,sqft,0.0,1.0,0.5263157894736842,820.0,0.9990538971454175,0.006154175253637761,0.25
0.49746192893401014,m2,0.0,0.0,0.5263157894736842,209.0,0.0017856654033159335,0.9976867427084953,0.75
0.4416243654822335,m2,1.0,0.0,0.7894736842105263,232.0,0.0006904617611525733,0.9978827553018399,0.5
0.14213197969543148,m2,1.0,1.0,0.8421052631578947,142.0,0.0011309581175792142,0.9933545423972377,0.25
0.4213379289340102,sqft,1.0,0.0,0.5263157894736842,1108.0,0.9998313351968583,0.0019781895536022114,0.75
0.7561659999999999,sqft,0.0,0.0,0.631578947368421,1632.0,0.9993266689081522,0.0030232297695544385,1.0
0.2436548223350254,m2,0.0,0.0,0.3684210526315789,148.0,0.0013254238052211416,0.9956472219808217,0.25
0.37055837563451777,m2,0.0,0.0,0.5263157894736842,191.0,0.0014324769895977777,0.994036418384008,0.5
0.5684736446700507,sqft,0.0,0.0,0.2631578947368421,1150.0,0.9997407878969302,0.003617084311753996,0.75
0.05583756345177665,m2,1.0,1.0,0.47368421052631576,112.0,0.0018697349404791926,0.9956284155591328,0.25
0.1520607055837563,sqft,0.0,0.0,0.5789473684210527,506.0,0.9999078505074898,0.00129841595446181,0.25
0.4416243654822335,m2,1.0,0.0,0.3684210526315789,245.0,0.0007803211794495124,0.9972582953732044,0.75
0.08121827411167512,m2,0.0,1.0,0.05263157894736842,125.0,0.0006409659110451464,0.993009074975666,0.25
0.5076386852791878,sqft,0.0,0.0,0.21052631578947367,1350.0,0.9992998362002682,0.003306399832345408,0.75
0.1676231370558376,sqft,0.0,0.0,0.5263157894736842,530.0,0.9990353288490292,0.0033607213351955338,0.25
0.4109629746192893,sqft,0.0,0.0,0.47368421052631576,974.0,0.9993713698569949,0.003426884874482241,0.75
0.39593908629441626,m2,1.0,0.0,0.42105263157894735,224.0,0.0008948880976166691,0.9923610753272231,0.75
0.2233502538071066,m2,0.0,1.0,0.47368421052631576,178.0,0.0011157260211018978,0.9939622092575838,0.25
0.3553299492385787,m2,1.0,0.0,0.42105263157894735,216.0,0.0013345980020244895,0.9895051694136164,0.5
0.6294416243654822,m2,1.0,0.0,0.7894736842105263,288.0,0.0005440851226917006,0.9963879655516065,1.0
0.31475885279187815,sqft,0.0,0.0,0.15789473684210525,811.0,0.9992951225923384,0.0023934933128527238,0.5
0.09644670050761421,m2,1.0,0.0,0.3157894736842105,108.0,0.0017801091103788645,0.99515067502008,0.25
0.37055837563451777,m2,0.0,1.0,0.05263157894736842,243.0,0.0005954311775289022,0.9894337775593856,0.5
0.1930889340101523,sqft,1.0,1.0,0.3157894736842105,816.0,0.9992940466402004,0.0014211805951324554,0.25
0.2793896903553299,sqft,0.0,0.0,0.5263157894736842,686.0,0.9989113689750645,0.004078632306788271,0.5
0.3197969543147208,m2,0.0,0.0,0.5263157894736842,186.0,0.0011458760043066914,0.9937894596679785,0.5
0.3095713756345178,sqft,0.0,0.0,0.05263157894736842,805.0,0.9990790987677367,0.0018351627434083685,0.5
0.14213197969543148,m2,0.0,0.0,0.631578947368421,130.0,0.0009508713482309802,0.9949365763748869,0.25
0.467005076142132,m2,1.0,1.0,0.631578947368421,277.0,0.0013381316821422446,0.9915846477159899,0.75
0.4467005076142132,m2,0.0,0.0,0.05263157894736842,296.0,0.0009643804873267535,0.994670050316744,0.75
0.2793896903553299,sqft,0.0,0.0,0.10526315789473684,744.0,0.9990420204259755,0.00259000208862522,0.5
0.30438389847715736,sqft,0.0,0.0,0.2631578947368421,751.0,0.9991769192420262,0.0014188090240123278,0.5
0.14213197969543148,m2,0.0,1.0,0.21052631578947367,159.0,0.0009489377569533439,0.9947906457102726,0.25
0.19289340101522842,m2,1.0,0.0,0.7368421052631579,144.0,0.0004953145394588006,0.9932253806088949,0.25
0.17258883248730963,m2,1.0,0.0,0.7368421052631579,151.0,0.0010990126536073394,0.9953785170397023,0.5
0.18274111675126903,m2,1.0,0.0,0.42105263157894735,147.0,0.0007299509915786181,0.9964492907995065,0.25
0.6090302842639593,sqft,1.0,0.0,0.5789473684210527,1480.0,0.9997169521090296,0.002390943433264351,0.5
0.2336455736040609,sqft,1.0,0.0,0.631578947368421,793.0,0.9993590475615435,0.0013937497768855417,0.25
0.36548223350253806,m2,1.0,1.0,0.6842105263157895,219.0,0.0004075118463521916,0.9991087352637715,0.5
0.24873096446700507,m2,1.0,0.0,1.0,153.0,0.001900912465891721,0.9943779767936599,0.25
0.01015228426395939,m2,1.0,0.0,0.631578947368421,78.0,0.0006705371089688476,0.9958518285017384,0.0
0.1319796954314721,m2,1.0,0.0,0.8947368421052632,117.0,0.0016944035343783687,0.9941895428837302,0.25
0.34517766497461927,m2,1.0,0.0,0.5263157894736842,197.0,0.0012480090357411843,0.9890647735999247,0.5
0.43147208121827413,m2,1.0,0.0,0.5789473684210527,226.0,0.0021281965396852446,0.9951191456283515,0.75
0.18781725888324874,m2,0.0,1.0,0.2631578947368421,151.0,0.0008943602040361454,0.9982231279002993,0.25
0.1676231370558376,sqft,0.0,0.0,0.05263157894736842,602.0,0.9994806641206032,0.003247953839862417,0.5
0.2232706192893401,sqft,0.0,0.0,0.5263157894736842,635.0,0.9994375136525048,0.0029783031683915002,0.25
0.8174725482233502,sqft,0.0,0.0,0.3157894736842105,1584.0,0.9993965640442203,0.0035355682833418402,1.0
0.29949238578680204,m2,0.0,0.0,0.10526315789473684,231.0,0.0011553650816691946,0.994252177173146,0.5
0.6651493553299492,sqft,1.0,0.0,0.8947368421052632,1554.0,0.99921805945687,0.005597059050315032,1.0
0.3147208121827411,m2,1.0,0.0,0.6842105263157895,176.0,0.0010144029661102846,0.9896202561440006,0.5
0.3248730964467005,m2,1.0,0.0,0.7894736842105263,179.0,0.0008514118739120274,0.9978710335822003,0.5
0.2435489390862944,sqft,0.0,0.0,0.5789473684210527,769.0,0.9993363713713492,0.0033520026957071336,0.25
0.12690355329949238,m2,0.0,1.0,0.5263157894736842,108.0,0.00165676287061914,0.9950383829991826,0.25
0.3553299492385787,m2,0.0,0.0,0.5263157894736842,201.0,0.0019033449167866095,0.9946520013722161,0.5
0.19796954314720813,m2,1.0,0.0,0.631578947368421,142.0,0.0009560465234982942,0.9902610366432197,0.25
0.4365482233502538,m2,1.0,0.0,0.8421052631578947,221.0,0.0002665356498624784,0.9943451704251254,0.75
0.36548223350253806,m2,1.0,0.0,0.6842105263157895,204.0,0.000616216416508443,0.994677237947348,0.5
0.3248730964467005,m2,1.0,0.0,0.631578947368421,184.0,0.00018822202243253333,0.9946483196918994,0.5
0.22842639593908629,m2,1.0,1.0,0.3684210526315789,173.0,0.0006145399093678966,0.9987678556162772,0.25
0.2841055786802031,sqft,0.0,1.0,0.7368421052631579,805.0,0.9992227975089567,0.002044201647622496,0.5
0.2841055786802031,sqft,1.0,0.0,0.8947368421052632,879.0,0.9998356291044075,0.003447401291287232,0.5
0.27420221319796956,sqft,0.0,0.0,0.5263157894736842,700.0,0.9998386780832105,0.0029089706147359816,0.5
0.3147208121827411,m2,0.0,0.0,0.3157894736842105,193.0,0.0009304776394779109,0.9951263266979039,0.5
0.538291959390863,sqft,0.0,0.0,0.47368421052631576,1076.0,0.9993579346427631,0.00522834215220039,0.75
0.14213197969543148,m2,1.0,0.0,0.6842105263157895,134.0,0.001561134802104921,0.9944328458651747,0.25
0.3246622182741117,sqft,0.0,0.0,0.5263157894736842,919.0,0.9992798872061066,0.0032257349290390133,0.5
0.1319796954314721,m2,1.0,0.0,0.3684210526315789,132.0,0.000828002512533319,0.9982648883369584,0.25
0.1520607055837563,sqft,0.0,0.0,0.47368421052631576,652.0,0.9993356053517699,0.0032930294943329446,0.25
0.22845809644670048,sqft,0.0,0.0,0.3684210526315789,665.0,0.9992345044886694,0.0035125498877729565,0.25
0.5632861675126903,sqft,0.0,0.0,0.6842105263157895,1109.0,0.9992339634052604,0.004151358351628481,0.5
0.1218790203045685,sqft,0.0,0.0,0.2631578947368421,479.0,0.9998124093679576,0.0030515738396381014,0.25
0.6396835583756345,sqft,1.0,0.0,0.5263157894736842,1541.0,0.9989676024729662,0.002353288776495534,1.0
0.233502538071066,m2,0.0,0.0,0.2631578947368421,185.0,0.0009767980927790057,0.9948931538104616,0.5
0.4517766497461929,m2,1.0,0.0,1.0,220.0,0.0013225869048580415,0.9923059633677802,0.75
0.24873641624365483,sqft,1.0,0.0,0.5263157894736842,819.0,0.9990859733113029,0.005014754963670081,0.25
0.27411167512690354,m2,1.0,0.0,0.5263157894736842,174.0,0.0010446789189560643,0.9894446224615644,0.5
0.13705583756345177,m2,1.0,1.0,0.5263157894736842,173.0,0.0009875784367540895,0.9946849845139069,0.25
0.13178238578680201,sqft,0.0,0.0,0.0,536.0,0.9995722948054396,0.00445214245918575,0.25
0.39593908629441626,m2,1.0,0.0,0.5263157894736842,214.0,0.0001878404703115219,0.991372840923381,0.75
0.12706649746192894,sqft,1.0,0.0,0.8947368421052632,599.0,0.9987016885184904,0.004082141044627223,0.5
0.17752650253807103,sqft,0.0,0.0,0.05263157894736842,600.0,0.9989048480410124,0.0036746029186246238,0.25
0.2638272588832487,sqft,0.0,0.0,0.10526315789473684,861.0,0.9993273583703629,0.0033505896622797455,0.5
0.2841055786802031,sqft,0.0,0.0,0.0,784.0,0.9993981361408795,0.006025979765122084,0.5
0.2690147360406091,sqft,0.0,0.0,0.6842105263157895,671.0,0.999181604284557,0.0011151974054759942,0.5
0.030456852791878174,m2,0.0,0.0,0.2631578947368421,93.0,0.0008868384033595846,0.993679717128505,0.0
0.15724818274111674,sqft,1.0,0.0,0.5789473684210527,661.0,0.999140550311368,0.0002736566954910981,0.25
0.6903553299492385,m2,1.0,0.0,0.8421052631578947,304.0,0.0018668684851881753,0.9923012158302597,1.0
0.23857868020304568,m2,0.0,0.0,0.5263157894736842,138.0,0.0015618355148345967,0.9981058258748023,0.25
0.11669154314720812,sqft,0.0,0.0,0.5263157894736842,454.0,0.9992135276571794,0.0004531952166481608,0.25
0.2232706192893401,sqft,0.0,0.0,0.47368421052631576,609.0,0.9996683238598584,0.0036787002120429292,0.25
0.27918781725888325,m2,1.0,0.0,0.47368421052631576,190.0,0.0009836316468025887,0.9923935700488292,0.5
0.3553154923857868,sqft,0.0,1.0,0.5263157894736842,914.0,0.9999082075149985,0.002477147285162658,0.5
0.30456852791878175,m2,1.0,1.0,0.7894736842105263,199.0,0.0007336195462829199,0.9896475449242282,0.5
0.2944805329949238,sqft,0.0,0.0,0.6842105263157895,720.0,0.9992304276647467,0.0025038874034925755,0.5
0.2639593908629442,m2,1.0,0.0,0.2631578947368421,182.0,0.0006047920205025495,0.995592415726198,0.5
0.16751269035532995,m2,1.0,0.0,0.6842105263157895,135.0,0.000995040277715318,0.9993826064368722,0.25
0.3350253807106599,m2,0.0,0.0,0.2631578947368421,189.0,0.0010581822144125465,0.9966192575893719,0.5
0.2436548223350254,m2,1.0,0.0,0.5789473684210527,178.0,0.0013422338238288304,0.9945639031041744,0.5
0.2996680101522843,sqft,1.0,0.0,0.5263157894736842,921.0,0.9993254205980194,0.005694976494167751,0.5
0.4010152284263959,m2,0.0,0.0,0.7368421052631579,199.0,0.001178233476886301,0.9930981750759209,0.75
0.18781725888324874,m2,0.0,1.0,0.6842105263157895,155.0,0.0009661814974326479,0.9950596605361662,0.25
0.5887519644670051,sqft,0.0,0.0,0.5263157894736842,1263.0,0.9992988718179913,0.004055331539032944,1.0
0.41116751269035534,m2,1.0,0.0,0.3684210526315789,222.0,0.0015428314285343564,0.998604964572765,0.75
0.17258883248730963,m2,1.0,0.0,0.8947368421052632,124.0,0.0022151010606440962,0.9933682043833871,0.25
0.1676231370558376,sqft,0.0,0.0,0.3157894736842105,540.0,0.9992535513219424,0.005246026131215912,0.25
0.25380710659898476,m2,1.0,0.0,0.5263157894736842,156.0,0.0,0.9949324587394288,0.25
0.27411167512690354,m2,1.0,0.0,0.5263157894736842,177.0,0.0018892437024572108,0.9962136608789558,0.5
0.29441624365482233,m2,1.0,1.0,0.8421052631578947,192.0,0.0008975351238741617,0.997142457054266,0.5
0.09641322335025382,sqft,0.0,0.0,0.10526315789473684,481.0,0.9992623704247989,0.003598581395522688,0.25
0.4010152284263959,m2,1.0,1.0,0.5263157894736842,226.0,0.0004710578319735702,0.9949037411913577,0.75
0.28929305583756343,sqft,0.0,0.0,0.15789473684210525,734.0,0.9995725983599169,0.0011173552476460857,0.5
0.5128261624365483,sqft,0.0,0.0,0.05263157894736842,1210.0,0.9992471053693787,0.003309505838795416,0.75
0.23857868020304568,m2,1.0,0.0,0.5789473684210527,160.0,0.0006633048947331036,0.9929125502141003,0.25
0.00020910152284263865,sqft,0.0,0.0,0.5263157894736842,307.0,0.9994024622084351,0.0027920610644731627,0.0
0.29441624365482233,m2,1.0,0.0,0.8421052631578947,277.0,0.0010523330042795228,0.9944202486430894,0.5
0.03553299492385787,m2,1.0,0.0,0.5789473684210527,93.0,0.0006023988687708419,0.9914365453164281,0.0
0.3197969543147208,m2,0.0,0.0,0.631578947368421,158.0,0.0007016550359380606,0.9989697855028083,0.5
0.39068465482233505,sqft,1.0,0.0,0.5263157894736842,1072.0,0.9992969721681552,0.005108863494415994,0.75
0.2131979695431472,m2,1.0,0.0,0.631578947368421,159.0,0.0017053746098535318,0.9950873622077302,0.25
0.03039078680203044,sqft,0.0,0.0,0.5263157894736842,336.0,0.9995734270695694,0.0037613193445310993,0.0
0.21808314213197968,sqft,0.0,0.0,0.5263157894736842,638.0,0.9992207311960555,0.00034555781539366727,0.25
0.116751269035533,m2,1.0,1.0,0.2631578947368421,142.0,0.0001491502113291802,0.9945904029385266,0.25
0.2944805329949238,sqft,0.0,0.0,0.47368421052631576,726.0,0.9996223063257716,0.0022636639482232586,0.5
0.00020910152284263865,sqft,0.0,1.0,0.0,374.0,0.9992138048593856,0.005533514046880568,0.0
0.27420221319796956,sqft,0.0,0.0,0.15789473684210525,714.0,0.9990156806228484,0.002366869723057675,0.5
0.3402246497461929,sqft,0.0,1.0,0.631578947368421,894.0,0.9994177851461145,0.0045499598169093484,0.5
0.4873096446700508,m2,0.0,0.0,0.5263157894736842,243.0,0.0010221650759335002,0.9936138392772397,0.75
0.06575994923857867,sqft,1.0,0.0,0.42105263157894735,496.0,0.9988061882088782,0.0028440275860677506,0.25
0.20817977664974618,sqft,0.0,0.0,0.5263157894736842,630.0,0.9993887808296433,0.0030233430071209652,0.25
0.2435489390862944,sqft,0.0,0.0,0.0,708.0,0.9993307322694014,0.00044832432486626616,0.25
0.2944805329949238,sqft,0.0,0.0,0.6842105263157895,716.0,0.9995946268057366,0.00430052857617677,0.5
0.08629441624365482,m2,1.0,0.0,0.5263157894736842,111.0,0.0013480208050375806,0.9962349977737356,0.25
0.2944805329949238,sqft,0.0,0.0,0.5789473684210527,744.0,0.9992732082289083,0.002513262968777235,0.5
0.5025380710659898,m2,0.0,0.0,0.3157894736842105,255.0,0.0011146023155806618,0.9933541278530879,0.75
0.26903553299492383,m2,0.0,1.0,0.5263157894736842,180.0,0.0019304038022305032,0.9951702628933784,0.5
0.5788485989847716,sqft,0.0,0.0,0.631578947368421,1127.0,0.9991569731747806,0.0022357851180576298,0.75
0.13696986294416244,sqft,0.0,0.0,0.6842105263157895,486.0,0.9987076891138543,0.002289057393919535,0.25
0.233502538071066,m2,1.0,0.0,0.8421052631578947,151.0,0.0006116602913878261,0.9933299060067614,0.25
0.31994632994923855,sqft,0.0,0.0,0.3157894736842105,797.0,0.9994172827643627,0.0026619419648950806,0.5
0.3096446700507614,m2,0.0,0.0,0.3157894736842105,165.0,0.0015623846218837032,0.9977272721205053,0.5
0.13696986294416244,sqft,0.0,0.0,0.3684210526315789,581.0,0.9993240549012818,0.0030006845776963846,0.25
0.050761421319796954,m2,1.0,1.0,0.7368421052631579,99.0,0.0020981731541711043,0.9974980300362133,0.25
0.22842639593908629,m2,1.0,0.0,0.3157894736842105,168.0,0.0017798345760839768,0.9955506225576581,0.5
0.2639593908629442,m2,1.0,0.0,0.3157894736842105,175.0,0.0011917496705144339,0.9967749099907146,0.5
0.20304568527918782,m2,1.0,0.0,0.7894736842105263,139.0,0.0017246096666575597,0.9952743954974186,0.25
0.19289340101522842,m2,1.0,0.0,0.8421052631578947,140.0,0.0007037994768371946,0.9936247662242101,0.25
0.4873096446700508,m2,1.0,1.0,0.7894736842105263,270.0,0.0012525266819156443,0.9925999820192181,0.75
0.1218790203045685,sqft,0.0,0.0,0.5263157894736842,459.0,0.999975800893386,0.0031099896662065544,0.25
0.5279187817258884,m2,1.0,0.0,1.0,258.0,0.001058928979830941,0.9978029410867171,0.75
0.3197969543147208,m2,0.0,1.0,0.0,249.0,0.0009801885971241716,0.9955864965815258,0.5
0.33503717258883253,sqft,0.0,0.0,0.2631578947368421,792.0,0.998794256496602,0.002930916643476299,0.5
0.05585658375634516,sqft,1.0,1.0,0.631578947368421,528.0,0.9993235223396886,0.0,0.25
0.3454121269035533,sqft,0.0,0.0,0.5263157894736842,877.0,0.9994550005623012,0.0031388736736374153,0.5
0.3553154923857868,sqft,0.0,1.0,0.3684210526315789,1464.0,0.999308216709935,0.003168815641571504,0.5
0.39593908629441626,m2,1.0,0.0,0.6842105263157895,220.0,0.0019374562265904616,0.9920018258390754,0.75
0.1978048223350254,sqft,0.0,0.0,0.5263157894736842,587.0,0.9996343497849315,0.0022593508593716834,0.5
0.28929305583756343,sqft,1.0,0.0,0.5263157894736842,915.0,0.9991385957696353,0.0034504518208096366,0.5
0.3604060913705584,m2,0.0,0.0,0.21052631578947367,217.0,0.0009382391862791739,0.9940224873926682,0.5
0.11150406598984772,sqft,0.0,0.0,0.5263157894736842,465.0,0.9993833073468005,0.000513814356576581,0.25
0.08121827411167512,m2,0.0,0.0,0.6842105263157895,79.0,0.0010062578496624743,0.9907378447530734,0.25
0.23836146192893398,sqft,0.0,0.0,0.5789473684210527,636.0,0.9988611578488671,0.003757364941903471,0.25
0.29441624365482233,m2,1.0,0.0,0.5263157894736842,186.0,0.0005878081808734884,0.9944241783892466,0.5
0.20812182741116753,m2,1.0,0.0,0.47368421052631576,150.0,0.0009221293434739953,0.9910013964301306,0.25
0.1218790203045685,sqft,0.0,0.0,0.10526315789473684,493.0,0.9995208013742665,0.004385031302973678,0.25
0.4567070913705583,sqft,0.0,0.0,0.5263157894736842,948.0,0.9994425878588465,0.005017691810183721,0.75
0.13178238578680201,sqft,0.0,0.0,0.05263157894736842,546.0,0.9991882699827592,0.003222642617531692,0.25
0.1520607055837563,sqft,0.0,0.0,0.5263157894736842,521.0,0.9990169012883212,0.0019435319199997943,0.5
0.5736040609137056,m2,1.0,1.0,0.7894736842105263,294.0,0.0019296644467641955,0.9938738639997555,0.75
0.3096446700507614,m2,0.0,0.0,0.631578947368421,159.0,0.0022251575357562733,0.9941308230611691,0.5
0.20299229949238576,sqft,1.0,0.0,0.7894736842105263,738.0,0.9997507998529309,0.0030488746187664825,0.25
0.3096446700507614,m2,1.0,1.0,0.42105263157894735,220.0,0.0005823418593338339,0.9952398173604853,0.5
0.2638272588832487,sqft,0.0,0.0,0.3684210526315789,696.0,0.9993270913271137,0.0040659997018312145,0.5
0.4416162487309645,sqft,0.0,0.0,0.7368421052631579,923.0,0.999711007416393,0.0033446467408531906,0.75
0.1978048223350254,sqft,0.0,0.0,0.15789473684210525,603.0,0.9991396655476672,0.0019340445070585208,0.25
0.14215734010152287,sqft,0.0,0.0,0.05263157894736842,543.0,0.9993192153010734,0.004162103628487401,0.25
0.31994632994923855,sqft,0.0,0.0,0.05263157894736842,820.0,0.999449413133871,0.004331637767309198,0.5
0.015228426395939087,m2,0.0,0.0,0.10526315789473684,109.0,0.0011595856302523931,0.9949283986141201,0.0
0.06575994923857867,sqft,0.0,0.0,0.42105263157894735,528.0,0.9993357613336645,0.00317823906583731,0.25
0.3807812893401015,sqft,0.0,0.0,0.5789473684210527,841.0,0.9994135080099077,0.006128964527887826,0.5
0.23836146192893398,sqft,0.0,0.0,0.2631578947368421,659.0,0.9995763707636629,0.0029426482485565312,0.25
0.3756345177664975,m2,1.0,0.0,0.3157894736842105,224.0,0.0008292743575551878,0.991226704132693,0.5
0.1065989847715736,m2,1.0,0.0,1.0,113.0,0.0014680575446178448,0.9956952150976449,0.25
0.14734481725888324,sqft,0.0,0.0,0.3684210526315789,516.0,0.9992412624422631,0.0019604787818475033,0.25
0.20812182741116753,m2,1.0,0.0,0.7368421052631579,152.0,0.001412064100259685,0.9971754811469269,0.25
0.11669154314720812,sqft,0.0,0.0,0.5263157894736842,630.0,0.9993345722490035,0.0031737862377971293,0.25
0.20812182741116753,m2,1.0,1.0,0.5789473684210527,162.0,0.0015939347365754104,0.9934480790693853,0.25
0.13178238578680201,sqft,0.0,0.0,0.15789473684210525,584.0,0.9993476310455672,0.0030247204646098235,0.25
0.09644670050761421,m2,1.0,0.0,0.7894736842105263,95.0,0.002128906788873927,0.993261913733486,0.25
0.17752650253807103,sqft,0.0,0.0,0.5789473684210527,561.0,0.9992344486789705,0.0024111523025374167,0.25
0.4312412944162436,sqft,0.0,0.0,0.5263157894736842,917.0,0.9993820450299954,0.0010021116340726058,0.75
0.2793896903553299,sqft,0.0,0.0,0.21052631578947367,811.0,0.9992648536228868,0.003352565744851548,0.5
0.3248730964467005,m2,1.0,0.0,0.42105263157894735,209.0,0.0015504979627149712,0.9932638613233383,0.5
0.3096446700507614,m2,1.0,1.0,0.7368421052631579,207.0,0.0009508621642179044,0.990674947088931,0.5
0.21808314213197968,sqft,0.0,0.0,0.6842105263157895,589.0,0.9987595187177318,0.003805606641546871,0.25
0.1319796954314721,m2,1.0,0.0,0.8947368421052632,120.0,0.001626071840203181,0.9977794989586325,0.5
0.5227295279187818,sqft,0.0,0.0,0.5263157894736842,1048.0,0.9991678479206134,0.0018903153960380288,0.75
0.2793896903553299,sqft,0.0,0.0,0.21052631578947367,712.0,0.9986913854177746,0.0028379323747112837,0.5
0.2996680101522843,sqft,0.0,0.0,0.15789473684210525,815.0,0.9993483166832622,0.0028601133290327486,0.5
0.3197969543147208,m2,1.0,0.0,0.6842105263157895,178.0,0.0007089832593640713,0.9900788019930226,0.5
0.2232706192893401,sqft,0.0,0.0,0.6842105263157895,611.0,0.9990975354832157,0.0041481525613085105,0.25
0.23836146192893398,sqft,0.0,0.0,0.631578947368421,628.0,0.9994085058813835,0.0015461342685255226,0.25
0.25380710659898476,m2,1.0,0.0,0.631578947368421,163.0,0.001545746995425447,0.9953872403191182,0.25
0.25911137055837563,sqft,0.0,0.0,0.5263157894736842,668.0,0.9991177945023574,0.0006330381332292351,0.25
0.3553154923857868,sqft,1.0,0.0,0.8947368421052632,1008.0,0.9990296244433908,0.006161890422265715,0.5
0.2232706192893401,sqft,0.0,0.0,0.5789473684210527,668.0,0.9993784815217212,0.003306807375660886,0.25
0.5128261624365483,sqft,1.0,0.0,0.5263157894736842,1282.0,0.9993365846479251,0.0004979697246429565,0.75
0.31994632994923855,sqft,1.0,0.0,0.5789473684210527,948.0,0.9987170727030001,0.004059522539843448,0.5
0.09122574619289339,sqft,1.0,0.0,0.7894736842105263,529.0,0.9990638661963744,0.004670059927722531,0.25
0.29441624365482233,m2,0.0,0.0,0.5789473684210527,163.0,0.0009234058668454796,0.9953803086313965,0.5
0.0761349035532995,sqft,0.0,0.0,0.47368421052631576,412.0,0.9992647579767642,0.005533864537220347,0.25
0.09644670050761421,m2,1.0,0.0,0.3684210526315789,122.0,0.0003322676138240695,0.9975365124431247,0.25
0.41624365482233505,m2,1.0,0.0,0.8947368421052632,223.0,0.0010137624789557805,0.991609059425405,0.75
0.13705583756345177,m2,0.0,0.0,0.5263157894736842,116.0,0.001263611704924045,0.9943727261485726,0.25
0.26903553299492383,m2,0.0,0.0,0.15789473684210525,180.0,0.0010751141603712558,0.9960975236814261,0.5
0.20299229949238576,sqft,0.0,0.0,0.5263157894736842,589.0,0.9997723485649479,0.0015790630802293433,0.25
0.2638272588832487,sqft,0.0,1.0,0.10526315789473684,875.0,0.9993242530707978,0.002886313253055779,0.5
0.02520330964467005,sqft,0.0,0.0,0.5263157894736842,337.0,0.9994004954815363,0.00274528958772727,0.0
0.19289340101522842,m2,0.0,0.0,0.2631578947368421,131.0,0.0014155479650744408,0.9990620792711484,0.25
0.3859687664974619,sqft,0.0,0.0,0.6842105263157895,830.0,0.9992351685718504,0.005702491337133847,0.75
0.23857868020304568,m2,0.0,0.0,0.5263157894736842,175.0,0.0011820075463961305,0.9942583429479331,0.25
0.13696986294416244,sqft,1.0,0.0,0.9473684210526315,616.0,0.9994224349552951,0.0011649840744622601,0.25
0.0865098578680203,sqft,0.0,0.0,0.7368421052631579,423.0,0.9992448364642337,0.0022676401704991704,0.5
0.0,m2,1.0,0.0,0.42105263157894735,74.0,0.0012892180038416455,0.9961903158355851,0.0
0.4517766497461929,m2,1.0,0.0,0.3157894736842105,254.0,0.00015377003995214615,0.9963570528472125,0.75
0.5380710659898477,m2,1.0,0.0,0.5263157894736842,265.0,0.0005985905101185204,0.990624175136131,0.75
0.1978048223350254,sqft,0.0,1.0,0.21052631578947367,673.0,0.9994500097389702,0.005465709735955531,0.25
0.33503717258883253,sqft,0.0,0.0,0.47368421052631576,766.0,0.9998682174817739,0.003738449957673645,0.5
0.2232706192893401,sqft,0.0,0.0,0.47368421052631576,616.0,0.9996021370485236,0.003656451465302509,0.25
0.18271397969543146,sqft,0.0,0.0,0.47368421052631576,567.0,0.9994272845658514,0.0025930329693375368,0.25
0.5076142131979695,m2,0.0,0.0,0.2631578947368421,353.0,0.001115288243440422,0.9948717999956843,0.75
0.2638272588832487,sqft,0.0,0.0,0.47368421052631576,681.0,0.9992373152105274,0.0015322727392543482,0.5
0.11150406598984772,sqft,0.0,0.0,0.47368421052631576,455.0,0.9991215689907127,0.0051524506176614795,0.25
0.31994632994923855,sqft,0.0,0.0,0.631578947368421,753.0,0.9991744996445231,0.0007173886614020886,0.5
0.22845809644670048,sqft,0.0,0.0,0.2631578947368421,818.0,0.9992912459431261,0.0032666226560831278,0.5
0.06598984771573604,m2,1.0,1.0,1.0,102.0,0.0003561116565037621,0.997703559877561,0.5
0.3402246497461929,sqft,0.0,0.0,0.15789473684210525,806.0,0.9994550842023707,0.00030150207043654374,0.5
0.14720812182741116,m2,0.0,0.0,0.2631578947368421,113.0,0.0018889688048159565,0.9975862972887485,0.25
0.2893401015228426,m2,1.0,1.0,0.2631578947368421,205.0,0.0006861692321683068,0.9975622979365932,0.5
0.3248730964467005,m2,0.0,0.0,0.05263157894736842,200.0,0.00019772656587125554,0.9982352257359904,0.5
0.19289340101522842,m2,1.0,0.0,0.9473684210526315,143.0,0.00145206391035322,0.9913031000253224,0.25
0.3197969543147208,m2,1.0,0.0,0.9473684210526315,203.0,0.001179325835991814,0.99558729739582,0.5
0.19796954314720813,m2,1.0,0.0,0.7894736842105263,145.0,0.0019063373760927177,0.9976544399696304,0.25
0.20299229949238576,sqft,0.0,0.0,0.2631578947368421,620.0,0.9993412849365634,0.003823933443596301,0.25
0.4213197969543147,m2,1.0,0.0,0.5263157894736842,203.0,0.0008178818420575747,0.9989027152598988,0.75
0.21808314213197968,sqft,1.0,1.0,0.5263157894736842,853.0,0.9987030984112154,0.0030285773909742167,0.25
0.17258883248730963,m2,0.0,0.0,0.05263157894736842,151.0,0.0008719781271693825,0.9958571623408535,0.5
0.350253807106599,m2,1.0,0.0,0.42105263157894735,218.0,0.0007325520105936103,0.9968877507628129,0.5
0.17258883248730963,m2,0.0,0.0,0.05263157894736842,144.0,9.674523207334432e-05,0.9969107398073271,0.25
0.1319796954314721,m2,1.0,1.0,0.8947368421052632,142.0,0.0013133622266140203,0.995927523072779,0.25
0.06575994923857867,sqft,0.0,0.0,0.15789473684210525,436.0,0.9994068433123018,0.002950342995265478,0.25
0.49238578680203043,m2,1.0,0.0,0.7894736842105263,264.0,0.0008998276854849924,0.99538884553426,0.75
0.17258883248730963,m2,0.0,0.0,0.7368421052631579,114.0,0.00031632307740554413,0.9927850071233134,0.25
0.3859687664974619,sqft,0.0,0.0,0.5263157894736842,846.0,0.9989386532438836,0.0015162676504929312,0.75
0.04060913705583756,m2,1.0,0.0,0.631578947368421,115.0,0.0012041603947795048,0.9947759245388104,0.0
0.40609137055837563,m2,1.0,0.0,0.8421052631578947,211.0,0.00031772829677354024,0.9966401109703995,0.75
0.5887519644670051,sqft,0.0,0.0,0.2631578947368421,1181.0,0.9991314337443653,0.0014672018019269207,1.0
0.28426395939086296,m2,1.0,0.0,0.5263157894736842,187.0,0.0006230347703607554,0.9939028351527714,0.5
0.0865098578680203,sqft,0.0,0.0,0.5263157894736842,422.0,0.9988525313965697,0.0037724918884253058,0.5
0.3246622182741117,sqft,0.0,0.0,0.0,839.0,0.9998326940433332,0.002878996712941148,0.5
0.2944805329949238,sqft,0.0,0.0,0.631578947368421,707.0,0.9993038762444927,0.0015286482575625,0.5
0.30456852791878175,m2,1.0,0.0,0.6842105263157895,246.0,0.001117308182551936,0.9942371258639761,0.5
0.48217288832487304,sqft,1.0,0.0,0.5263157894736842,1253.0,0.9994209424320871,0.00266842668624539,0.5
0.1067881776649746,sqft,0.0,0.0,0.15789473684210525,495.0,0.9992462405152625,0.003513198978384753,0.25
0.29949238578680204,m2,1.0,1.0,0.42105263157894735,223.0,0.0007866305014848806,0.9936879297661085,0.5
0.16243565989847716,sqft,0.0,0.0,0.05263157894736842,588.0,0.9993172637058638,0.002439851739401649,0.25
0.10160070050761422,sqft,0.0,0.0,0.05263157894736842,480.0,0.9991280216446131,0.0040805481247593095,0.25
0.4265254060913705,sqft,0.0,0.0,0.15789473684210525,978.0,0.9993943901368956,0.002350488644995561,0.75
0.17766497461928935,m2,1.0,0.0,0.5263157894736842,137.0,0.0016656546949731104,0.9897669421127382,0.25
0.6495869238578681,sqft,1.0,0.0,0.8947368421052632,1537.0,0.9995777785831224,0.00545205604246444,1.0
0.27420221319796956,sqft,1.0,0.0,0.5263157894736842,870.0,0.9989854268799109,0.00024097963154890407,0.5
0.2841055786802031,sqft,0.0,0.0,0.631578947368421,697.0,0.9990126102733893,0.005423310664083547,0.5
0.4213379289340102,sqft,1.0,0.0,0.5263157894736842,1128.0,0.9989221221527895,0.0004832926561158109,0.75
0.467005076142132,m2,0.0,1.0,0.3684210526315789,261.0,0.001038470791206506,0.9959927932911651,0.75
0.4972637309644671,sqft,0.0,0.0,0.3684210526315789,1023.0,0.9988569956966598,0.000781918327197092,0.75
0.48223350253807107,m2,1.0,0.0,0.5263157894736842,239.0,0.0006836317633965609,0.9923567945685658,0.75
0.14213197969543148,m2,1.0,0.0,0.47368421052631576,191.0,0.0010512190557226387,0.9944160050677797,0.25
0.24873096446700507,m2,1.0,1.0,0.6842105263157895,186.0,0.0003686385047394466,0.9908712368835662,0.25
0.0865098578680203,sqft,0.0,0.0,0.5789473684210527,420.0,0.9997189202253046,0.002929776772882496,0.25
0.25911137055837563,sqft,0.0,0.0,0.5263157894736842,678.0,0.999381961575266,0.0022872529316560527,0.25
0.14215734010152287,sqft,0.0,0.0,0.10526315789473684,539.0,0.9996256305404211,0.003248583551016495,0.25
0.25888324873096447,m2,0.0,1.0,0.3157894736842105,168.0,0.0003765702934658342,0.995181789475667,0.25
0.17752650253807103,sqft,0.0,0.0,0.3157894736842105,591.0,0.9993389600642815,0.0026141116353160933,0.25
0.2182741116751269,m2,1.0,0.0,0.631578947368421,149.0,0.000533155616170555,0.997498786630657,0.25
0.3454121269035533,sqft,0.0,0.0,0.5263157894736842,821.0,0.9991008025922393,0.0029392638575565706,0.5
0.13705583756345177,m2,1.0,0.0,0.2631578947368421,125.0,0.0003637355513995123,0.9948229398675491,0.25
0.06575994923857867,sqft,0.0,0.0,0.5789473684210527,392.0,0.9989401018569515,0.0007658659217614775,0.25
0.3401015228426396,m2,1.0,0.0,0.5263157894736842,195.0,0.0020847913560692426,0.995001636039948,0.5
0.4925478426395939,sqft,0.0,0.0,0.5263157894736842,1091.0,0.999158235739884,0.004984189573653135,0.75
0.11150406598984772,sqft,0.0,0.0,0.631578947368421,444.0,0.9987508828913015,0.004800859504852311,0.25
0.801910116751269,sqft,0.0,0.0,0.2631578947368421,1483.0,0.9998436506845718,0.0012123879705264972,1.0
0.2996680101522843,sqft,0.0,0.0,0.631578947368421,712.0,0.9987831770539015,0.004938777710400086,0.5
0.233502538071066,m2,1.0,0.0,0.9473684210526315,153.0,0.001542052949839428,0.9969014276683946,0.25
0.3248730964467005,m2,1.0,0.0,0.7894736842105263,193.0,0.001707546502865248,0.9976641719410647,0.5
0.23857868020304568,m2,1.0,0.0,0.7368421052631579,165.0,0.0007890368048499137,0.9964948908927379,0.25
0.27411167512690354,m2,1.0,1.0,1.0,185.0,0.0019063063503779434,0.9983412745895605,0.5
0.22842639593908629,m2,1.0,0.0,0.631578947368421,164.0,0.0011603310640139683,0.996442177828165,0.25
0.36548223350253806,m2,1.0,0.0,0.47368421052631576,210.0,0.0016120357269610534,0.99529576820025,0.5
0.25911137055837563,sqft,1.0,0.0,0.7894736842105263,837.0,0.9992217652552088,0.005936504636391913,0.5
0.31475885279187815,sqft,1.0,0.0,0.8421052631578947,1088.0,0.9993380307653017,0.003057592421028445,0.5
0.20817977664974618,sqft,0.0,0.0,0.5263157894736842,596.0,0.9992597498665201,0.0003226094183258754,0.25
0.09644670050761421,m2,1.0,1.0,0.8421052631578947,124.0,0.0018424501461560177,0.9923182554757015,0.5
0.4567070913705583,sqft,1.0,0.0,0.5263157894736842,1198.0,0.9991535326251103,0.004924290725687817,0.75
0.33503717258883253,sqft,0.0,0.0,0.5263157894736842,836.0,0.9993650819272972,0.005797347561952303,0.5
0.19289340101522842,m2,0.0,1.0,0.5263157894736842,152.0,0.0012975252628436415,0.9952882050237498,0.25
0.26903553299492383,m2,1.0,0.0,0.8421052631578947,167.0,0.0006911445585893561,0.9956402195299936,0.5
0.14213197969543148,m2,0.0,1.0,0.15789473684210525,131.0,0.00033901666381555687,0.9928271676542175,0.25
0.4769854111675127,sqft,0.0,0.0,0.05263157894736842,1060.0,0.9989594501490916,0.003016597965000165,0.5
0.49746192893401014,m2,1.0,0.0,1.0,244.0,0.0006128871748368513,0.9933241598781055,0.75
0.46708204568527917,sqft,0.0,0.0,0.5263157894736842,991.0,0.9994775778254443,0.003165669581744319,0.75
0.13705583756345177,m2,1.0,0.0,0.8947368421052632,119.0,0.001616640630651847,0.9987083179115464,0.25
0.30456852791878175,m2,0.0,1.0,0.3157894736842105,208.0,0.0011880832604212552,0.9951684489314822,0.5
0.1319796954314721,m2,0.0,0.0,0.21052631578947367,197.0,0.0011414325955952358,0.9945706298224908,0.25
0.6649746192893401,m2,0.0,1.0,0.0,467.0,0.0010517297742371765,0.9950383795302727,1.0
0.41116751269035534,m2,0.0,0.0,0.5263157894736842,195.0,0.0008969144865437554,0.9936454097996358,0.75
0.2435489390862944,sqft,0.0,0.0,0.5789473684210527,632.0,0.9988943810497555,0.004647342473731756,0.25
0.16751269035532995,m2,1.0,0.0,1.0,123.0,0.0014760902507014798,0.9981025132814343,0.25
0.37559381218274107,sqft,0.0,0.0,0.5789473684210527,820.0,0.9999320788778254,0.002497941102304802,0.5
0.37040633502538073,sqft,0.0,0.0,0.2631578947368421,855.0,0.9996184616439633,0.004509469726910844,0.5
0.3350253807106599,m2,0.0,0.0,0.5789473684210527,193.0,0.001237216745802253,0.9942964669614032,0.5
0.15736040609137056,m2,1.0,0.0,0.5263157894736842,128.0,0.0013147369075886604,0.9993817833247054,0.25
0.18271397969543146,sqft,0.0,0.0,0.5263157894736842,564.0,0.9993539450555936,0.003997939917974306,0.25
0.4567070913705583,sqft,0.0,0.0,0.3157894736842105,979.0,0.998911430933282,0.0032819580767325706,0.5
0.3147208121827411,m2,1.0,0.0,0.7894736842105263,185.0,0.00015783260080876545,0.9963815848438423,0.5
0.26903553299492383,m2,1.0,0.0,0.3157894736842105,184.0,0.0001572817917954842,0.9939166157330029,0.5
0.2841055786802031,sqft,0.0,1.0,0.42105263157894735,1275.0,0.9993183473569686,0.0032242980430748787,0.5
0.1930889340101523,sqft,0.0,1.0,0.15789473684210525,696.0,0.9994629357793321,0.0030774096739539757,0.25
0.11150406598984772,sqft,0.0,0.0,0.3157894736842105,464.0,0.9987450431903433,0.0017090143777280721,0.25
0.05066910659898477,sqft,0.0,0.0,0.10526315789473684,403.0,0.999335668152561,0.0042872629370867745,0.5
0.350253807106599,m2,0.0,0.0,0.47368421052631576,160.0,0.0010238276015883817,0.9999335992205627,0.5
0.10152284263959391,m2,1.0,0.0,0.42105263157894735,120.0,0.000879092723498979,1.0,0.25
0.2232706192893401,sqft,0.0,0.0,0.5789473684210527,625.0,0.9992509449494802,0.0024680235257185977,0.5
0.6192893401015228,m2,1.0,1.0,0.5263157894736842,337.0,0.002052018655090863,0.9924786159291609,1.0
0.0865098578680203,sqft,0.0,0.0,0.42105263157894735,432.0,0.9993376277151106,0.00164778657751841,0.25
0.28426395939086296,m2,1.0,0.0,0.7894736842105263,173.0,0.0014278016710726727,0.9929862666914094,0.5
0.2944805329949238,sqft,1.0,0.0,0.3157894736842105,936.0,0.9989358222549154,0.004051872434571959,0.5
0.13178238578680201,sqft,0.0,1.0,0.47368421052631576,560.0,0.9990638375966927,0.004576138144579585,0.25
0.2690147360406091,sqft,0.0,0.0,0.3684210526315789,725.0,0.9993427128306805,0.0038076578174464012,0.5
0.2436548223350254,m2,0.0,0.0,0.2631578947368421,165.0,0.001290557663286416,0.9937764627786413,0.25
0.04568527918781726,m2,0.0,0.0,0.42105263157894735,86.0,0.0013849284080824271,0.9962440189848861,0.0
0.35012801522842635,sqft,1.0,0.0,0.9473684210526315,993.0,0.9996185777225588,0.002050266206942921,0.5
0.26903553299492383,m2,1.0,0.0,0.5789473684210527,163.0,0.0014848091098198855,0.9998799379025662,0.5
0.38578680203045684,m2,1.0,0.0,0.3684210526315789,218.0,0.0012383897252818536,0.9988920556577555,0.75
0.17752650253807103,sqft,0.0,0.0,0.15789473684210525,640.0,0.9993180969289497,0.0029299106767141253,0.25
0.23857868020304568,m2,1.0,0.0,0.42105263157894735,181.0,0.0008542234750654172,0.9959912760220818,0.25
0.37055837563451777,m2,1.0,0.0,0.8421052631578947,196.0,0.0013281969750805961,0.9924284048562491,0.5
0.25380710659898476,m2,0.0,0.0,0.47368421052631576,141.0,0.0015158822429346874,0.9893880017239705,0.25
0.29441624365482233,m2,0.0,0.0,0.7368421052631579,182.0,0.0011245424439105811,0.9938031853004614,0.5
0.3807812893401015,sqft,1.0,0.0,1.0,1049.0,0.9997241330480799,0.002908385466366771,0.75
0.39086294416243655,m2,1.0,0.0,0.2631578947368421,226.0,0.0004394183118122042,0.9967897838665276,0.75
0.3298496954314721,sqft,0.0,0.0,0.21052631578947367,814.0,0.9994136749185044,0.0037913832754929216,0.5
0.17752650253807103,sqft,0.0,1.0,0.5263157894736842,626.0,0.9991502365589339,0.00533313575558001,0.25
0.5736040609137056,m2,0.0,0.0,0.05263157894736842,302.0,0.001034659871902636,0.9926709764728665,0.75
0.3096446700507614,m2,0.0,0.0,0.3157894736842105,185.0,0.001439047364142269,0.9948630074560506,0.5
0.233502538071066,m2,0.0,0.0,0.21052631578947367,145.0,0.0015582757644731124,0.9972166228461152,0.25
0.3807812893401015,sqft,0.0,0.0,0.5263157894736842,880.0,0.9991968749301499,0.001978255463745621,0.75
0.4263959390862944,m2,0.0,0.0,0.3684210526315789,190.0,0.0019406572327126087,0.9910108283238921,0.75
0.17766497461928935,m2,0.0,0.0,0.3684210526315789,134.0,0.0012724579857388977,0.9957956500801896,0.25
0.2436548223350254,m2,1.0,1.0,0.42105263157894735,181.0,0.0007270171280918217,0.9921072595249886,0.25
0.17752650253807103,sqft,0.0,0.0,0.15789473684210525,599.0,0.9994187518483207,0.003460863837844684,0.25
0.4010152284263959,m2,0.0,0.0,0.5263157894736842,242.0,0.0011779732311228415,0.9951786305995152,0.75
0.37559381218274107,sqft,0.0,0.0,0.7368421052631579,826.0,0.9995502738948283,0.002984219276753213,0.5
0.02030456852791878,m2,0.0,0.0,0.5263157894736842,75.0,0.0008863142288709849,0.9945638452552304,0.0
0.5177664974619289,m2,0.0,0.0,0.15789473684210525,369.0,0.0010749744501435008,0.9948550645816767,0.75
0.29441624365482233,m2,1.0,0.0,0.7368421052631579,170.0,0.0009471865619688832,0.9919296951678577,0.5
0.29949238578680204,m2,1.0,1.0,0.631578947368421,267.0,0.001171661182336515,0.9945340895652817,0.5
0.05585658375634516,sqft,0.0,0.0,0.3157894736842105,468.0,0.9993449474924834,0.0032071550855885477,0.25
0.0,m2,0.0,0.0,0.631578947368421,65.0,0.0010586829740369757,0.9997437034261165,0.0
0.14720812182741116,m2,1.0,0.0,0.8947368421052632,122.0,0.0007365120458820325,0.9917162997668055,0.25
0.4213197969543147,m2,1.0,0.0,0.5263157894736842,243.0,0.0009168045825106,0.9962987454568062,0.75
0.02520330964467005,sqft,0.0,0.0,0.3684210526315789,347.0,0.9992104669330384,0.0030674006814041662,0.0
0.22842639593908629,m2,1.0,1.0,0.5263157894736842,176.0,0.0011448237204294794,0.997563125525699,0.25
0.17766497461928935,m2,0.0,0.0,0.5263157894736842,491.0,0.0010859561875743355,0.9945724145139911,0.25
0.1319796954314721,m2,1.0,0.0,0.5263157894736842,115.0,0.001646754001144474,0.9941550792868591,0.25
0.3095713756345178,sqft,1.0,1.0,0.2631578947368421,1561.0,0.9993086052944151,0.0032050624409348948,0.5
0.3298496954314721,sqft,0.0,0.0,0.0,859.0,0.9996135379253986,0.003861698872219947,0.5
0.30456852791878175,m2,1.0,0.0,0.5263157894736842,181.0,0.001781370498233208,0.9928370162410887,0.5
0.3553154923857868,sqft,0.0,0.0,0.5263157894736842,862.0,0.9993258899623889,0.003941574455115877,0.5
0.28426395939086296,m2,1.0,0.0,0.6842105263157895,183.0,0.0017104997915240627,0.9937900816702712,0.5
0.817258883248731,m2,0.0,0.0,0.5789473684210527,410.0,0.0010605748916076747,0.9940744433970231,1.0
0.31994632994923855,sqft,1.0,0.0,0.3157894736842105,978.0,0.9998171823924425,0.0036941994623384523,0.5
0.30438389847715736,sqft,0.0,0.0,0.10526315789473684,771.0,0.9990758217320499,0.0016966263091335826,0.5
0.08132238071065988,sqft,1.0,0.0,0.5263157894736842,517.0,0.9988481244590012,0.0032782720002113032,0.25
0.36548223350253806,m2,1.0,0.0,0.47368421052631576,205.0,0.0004406147087258636,0.9985673685215803,0.5
0.4312412944162436,sqft,0.0,0.0,0.0,1029.0,0.99925826232532,0.0016320130041867196,0.75
0.1218790203045685,sqft,0.0,0.0,0.3157894736842105,481.0,0.9987968420974231,0.003175655351084506,0.25
0.3248730964467005,m2,0.0,0.0,0.47368421052631576,182.0,0.0011607915471819738,0.9931958652799304,0.5
0.3096446700507614,m2,1.0,0.0,0.42105263157894735,256.0,0.0010203575616173038,0.9945002459308911,0.5
0.13705583756345177,m2,1.0,0.0,0.5263157894736842,120.0,0.0006589648862659189,0.9909650120594116,0.25
1.0,m2,1.0,0.0,0.42105263157894735,501.0,0.0012296097684345332,0.993884433523795,1.0
0.30438389847715736,sqft,0.0,0.0,0.631578947368421,728.0,0.9995740569325696,0.0026143694341209125,0.5
0.37040633502538073,sqft,0.0,0.0,0.3157894736842105,896.0,0.9992015190730226,0.0031590335047743537,0.5
0.20299229949238576,sqft,0.0,0.0,0.5789473684210527,860.0,0.9993258604980441,0.0032507987794752817,0.25
0.02048742131979697,sqft,0.0,0.0,0.6842105263157895,318.0,0.9988748152311026,0.004321525917536895,0.0
0.2638272588832487,sqft,1.0,0.0,0.7894736842105263,843.0,0.9988973887324836,0.004446818923106417,0.5
0.7461928934010152,m2,1.0,0.0,0.3157894736842105,366.0,0.0015659359111058456,0.9907922722034014,1.0
0.15228426395939088,m2,1.0,1.0,0.8421052631578947,154.0,0.0009727641905052941,0.9940166990409146,0.25
0.17258883248730963,m2,0.0,0.0,0.5263157894736842,130.0,0.0013066063269404741,0.9933624548539672,0.25
0.38071065989847713,m2,1.0,1.0,0.7894736842105263,227.0,0.0013431436211035943,0.9976917211030073,0.75
0.24873096446700507,m2,1.0,0.0,0.5263157894736842,161.0,0.0007586135435582424,0.9946028214713941,0.25
0.949238578680203,m2,1.0,0.0,0.9473684210526315,388.0,0.001619893211971531,0.9925537488350371,1.0
0.31475885279187815,sqft,0.0,0.0,0.21052631578947367,785.0,0.9989557441712068,0.0033719841511853843,0.5
0.16751269035532995,m2,1.0,1.0,0.8421052631578947,142.0,0.0014352713841119717,0.9960315977395864,0.25
0.2131979695431472,m2,1.0,0.0,0.7894736842105263,183.0,0.0009910350980868604,0.9944724928465071,0.25
0.45685279187817257,m2,1.0,0.0,0.8421052631578947,224.0,0.0018944803898667424,0.9908847140530306,0.75
0.06091370558375635,m2,0.0,0.0,0.47368421052631576,156.0,0.001063319147424477,0.9946717457121098,0.25
0.5126903553299492,m2,1.0,0.0,0.3684210526315789,273.0,0.0022515165623803713,0.9945944147616405,0.75
0.4873096446700508,m2,1.0,0.0,0.7368421052631579,259.0,0.0007540365859738923,0.9939959604775949,0.75
0.4365482233502538,m2,1.0,0.0,0.5789473684210527,236.0,3.957647052752173e-06,0.9956467514030415,0.75
0.27918781725888325,m2,0.0,0.0,0.21052631578947367,196.0,0.0009721891522091472,0.9952259385867235,0.5
0.4619289340101523,m2,0.0,0.0,0.05263157894736842,261.0,0.0013044545440014884,0.9936603172431174,0.75
0.13696986294416244,sqft,0.0,0.0,0.631578947368421,476.0,0.9997898261327909,0.0017959643633057825,0.25
0.31994632994923855,sqft,0.0,0.0,0.7368421052631579,761.0,0.9992363384712835,0.0024160906632824286,0.5
0.2435489390862944,sqft,1.0,0.0,0.2631578947368421,844.0,0.9993138789437553,0.005778650601036884,0.5
0.39593908629441626,m2,0.0,0.0,0.5263157894736842,193.0,0.0003392668060569037,0.9949245030761679,0.75
0.39593908629441626,m2,0.0,1.0,0.5263157894736842,213.0,0.0021860205210376617,0.9923436886267434,0.75
0.2944805329949238,sqft,0.0,0.0,0.5263157894736842,710.0,0.9996461545964614,0.0018533209330139381,0.5
0.2638272588832487,sqft,0.0,1.0,0.6842105263157895,758.0,0.99917007427272,0.004248326574916349,0.5
0.5431472081218274,m2,1.0,0.0,0.5263157894736842,279.0,0.0020369287819171915,0.9925831502581987,0.75
0.5887519644670051,sqft,1.0,0.0,0.3157894736842105,1473.0,0.9998389352347106,0.00280855624009294,1.0
0.8071065989847716,m2,0.0,0.0,0.05263157894736842,396.0,0.0005973412735879899,0.9934105958579165,1.0
0.27918781725888325,m2,1.0,0.0,0.8421052631578947,205.0,0.0009935119169196187,0.9940953496532464,0.5
0.07614213197969544,m2,1.0,0.0,0.5263157894736842,116.0,0.0012102176896747197,0.9948831564212897,0.25
0.41116751269035534,m2,0.0,1.0,0.6842105263157895,267.0,0.001082359403102849,0.9950800792634509,0.75
0.14215734010152287,sqft,0.0,0.0,0.10526315789473684,531.0,0.9986431460111284,0.002661230250978525,0.25
0.03557826395939087,sqft,0.0,0.0,0.631578947368421,341.0,0.9993127140033289,0.006148392442556073,0.5
0.3248730964467005,m2,1.0,0.0,0.8947368421052632,539.0,0.0011103671886726807,0.9945647205675258,0.5
0.3401015228426396,m2,1.0,0.0,0.2631578947368421,214.0,0.000533850452389084,0.9911692550582499,0.5
0.2133672538071066,sqft,0.0,0.0,0.5263157894736842,608.0,0.9997592842646944,0.0015096311222432559,0.25
0.31475885279187815,sqft,0.0,0.0,0.5789473684210527,744.0,0.9990186117825939,0.0038386439282405,0.5
0.04060913705583756,m2,1.0,0.0,0.3684210526315789,99.0,0.0008515948062053294,0.9941815179232114,0.0
0.06104406091370559,sqft,0.0,1.0,0.7368421052631579,418.0,0.9998329503298566,0.005407704982153372,0.25
0.00020910152284263865,sqft,0.0,0.0,0.5263157894736842,308.0,0.9991802213138632,0.00338234380905307,0.0
0.02048742131979697,sqft,1.0,0.0,0.8947368421052632,409.0,0.9995548361907749,0.0008609961781202879,0.0
0.1116751269035533,m2,1.0,0.0,0.3157894736842105,295.0,0.0011048498956024353,0.9946511599069328,0.25
0.30438389847715736,sqft,0.0,0.0,0.15789473684210525,770.0,0.9992827528132648,0.004366899621436293,0.5
0.5583756345177665,m2,1.0,0.0,0.7894736842105263,368.0,0.0011568704805087668,0.9943298105616332,0.75
0.6245927157360407,sqft,0.0,0.0,0.5263157894736842,1992.0,0.9993187787284608,0.003193884351325672,1.0
0.2638272588832487,sqft,0.0,0.0,0.5263157894736842,680.0,0.9993866719873843,0.001806917152184181,0.5
0.17258883248730963,m2,1.0,0.0,0.47368421052631576,144.0,0.0008955541737101065,0.9936020637877693,0.25
0.3402246497461929,sqft,0.0,0.0,0.47368421052631576,793.0,0.9996129244294027,0.003476471269767727,0.5
0.28426395939086296,m2,1.0,0.0,0.5263157894736842,198.0,0.0013445450666049487,0.995809800304416,0.5
0.2336455736040609,sqft,0.0,0.0,0.3684210526315789,646.0,0.9992296921602163,0.003955821561829802,0.25
0.2996680101522843,sqft,0.0,0.0,0.0,794.0,0.9997595277218494,0.0008976637628084524,0.5
0.36050296954314726,sqft,0.0,0.0,0.3684210526315789,834.0,0.9991007892306866,0.002408978471052762,0.5
0.2539238934010152,sqft,0.0,0.0,0.3684210526315789,716.0,0.99924745136277,0.0028197156890904483,0.25
0.543007847715736,sqft,0.0,0.0,0.5263157894736842,1073.0,0.9997473775099034,0.0016003580116631874,0.75
